"Points","200m","300m","400m","500m","4x200m","4x400m"
"1400","19.33","30.13","42.82","56.22","1:17.01","2:50.79"
"1399","-","30.14","42.83","56.23","1:17.03","2:50.85"
"1398","19.34","30.15","42.84","56.25","1:17.06","2:50.91"
"1397","19.35","30.16","42.86","56.27","1:17.08","2:50.97"
"1396","-","30.17","42.87","56.29","1:17.10","2:51.03"
"1395","19.36","30.18","42.89","56.31","1:17.13","2:51.09"
"1394","-","30.19","42.90","56.32","1:17.15","2:51.15"
"1393","19.37","30.20","42.91","56.34","1:17.18","2:51.21"
"1392","19.38","30.21","42.93","56.36","1:17.20","2:51.28"
"1391","-","30.22","42.94","56.38","1:17.22","2:51.34"
"1390","19.39","30.23","42.95","56.39","1:17.25","2:51.40"
"1389","-","30.24","42.97","56.41","1:17.27","2:51.46"
"1388","19.40","30.25","42.98","56.43","1:17.30","2:51.52"
"1387","19.41","30.26","42.99","56.45","1:17.32","2:51.58"
"1386","-","30.27","43.01","56.47","1:17.34","2:51.64"
"1385","19.42","30.28","43.02","56.48","1:17.37","2:51.70"
"1384","-","30.29","43.03","56.50","1:17.39","2:51.76"
"1383","19.43","30.30","43.05","56.52","1:17.42","2:51.82"
"1382","19.44","30.31","43.06","56.54","1:17.44","2:51.88"
"1381","-","30.32","43.08","56.56","1:17.46","2:51.94"
"1380","19.45","30.33","43.09","56.57","1:17.49","2:52.00"
"1379","-","30.34","43.10","56.59","1:17.51","2:52.07"
"1378","19.46","30.35","43.12","56.61","1:17.54","2:52.13"
"1377","19.47","30.36","43.13","56.63","1:17.56","2:52.19"
"1376","-","30.37","43.14","56.65","1:17.59","2:52.25"
"1375","19.48","30.38","43.16","56.66","1:17.61","2:52.31"
"1374","-","30.39","43.17","56.68","1:17.63","2:52.37"
"1373","19.49","30.40","43.18","56.70","1:17.66","2:52.43"
"1372","19.50","30.41","43.20","56.72","1:17.68","2:52.49"
"1371","-","30.42","43.21","56.73","1:17.71","2:52.55"
"1370","19.51","30.43","43.22","56.75","1:17.73","2:52.61"
"1369","-","30.44","43.24","56.77","1:17.75","2:52.68"
"1368","19.52","30.45","43.25","56.79","1:17.78","2:52.74"
"1367","19.53","30.46","43.27","56.81","1:17.80","2:52.80"
"1366","-","30.47","43.28","56.82","1:17.83","2:52.86"
"1365","19.54","30.48","43.29","56.84","1:17.85","2:52.92"
"1364","-","30.49","43.31","56.86","1:17.88","2:52.98"
"1363","19.55","30.50","43.32","56.88","1:17.90","2:53.04"
"1362","19.56","30.51","43.33","56.90","1:17.92","2:53.10"
"1361","-","30.52","43.35","56.91","1:17.95","2:53.16"
"1360","19.57","30.53","43.36","56.93","1:17.97","2:53.23"
"1359","-","30.54","43.38","56.95","1:18.00","2:53.29"
"1358","19.58","30.55","43.39","56.97","1:18.02","2:53.35"
"1357","19.59","30.56","43.40","56.99","1:18.05","2:53.41"
"1356","-","30.57","43.42","57.01","1:18.07","2:53.47"
"1355","19.60","30.58","43.43","57.02","1:18.09","2:53.53"
"1354","-","30.59","43.44","57.04","1:18.12","2:53.59"
"1353","19.61","30.60","43.46","57.06","1:18.14","2:53.66"
"1352","19.62","30.61","43.47","57.08","1:18.17","2:53.72"
"1351","-","30.62","43.48","57.10","1:18.19","2:53.78"
"1350","19.63","30.63","43.50","57.11","1:18.22","2:53.84"
"1349","-","30.64","43.51","57.13","1:18.24","2:53.90"
"1348","19.64","30.65","43.53","57.15","1:18.26","2:53.96"
"1347","19.65","30.66","43.54","57.17","1:18.29","2:54.03"
"1346","-","30.67","43.55","57.19","1:18.31","2:54.09"
"1345","19.66","30.68","43.57","57.20","1:18.34","2:54.15"
"1344","19.67","30.69","43.58","57.22","1:18.36","2:54.21"
"1343","-","30.70","43.59","57.24","1:18.39","2:54.27"
"1342","19.68","30.71","43.61","57.26","1:18.41","2:54.33"
"1341","-","30.72","43.62","57.28","1:18.44","2:54.40"
"1340","19.69","30.73","43.64","57.30","1:18.46","2:54.46"
"1339","19.70","30.74","43.65","57.31","1:18.48","2:54.52"
"1338","-","30.75","43.66","57.33","1:18.51","2:54.58"
"1337","19.71","30.76","43.68","57.35","1:18.53","2:54.64"
"1336","-","30.77","43.69","57.37","1:18.56","2:54.70"
"1335","19.72","30.78","43.71","57.39","1:18.58","2:54.77"
"1334","19.73","30.79","43.72","57.40","1:18.61","2:54.83"
"1333","-","30.80","43.73","57.42","1:18.63","2:54.89"
"1332","19.74","30.81","43.75","57.44","1:18.66","2:54.95"
"1331","-","30.82","43.76","57.46","1:18.68","2:55.01"
"1330","19.75","30.84","43.77","57.48","1:18.70","2:55.08"
"1329","19.76","30.85","43.79","57.50","1:18.73","2:55.14"
"1328","-","30.86","43.80","57.51","1:18.75","2:55.20"
"1327","19.77","30.87","43.82","57.53","1:18.78","2:55.26"
"1326","-","30.88","43.83","57.55","1:18.80","2:55.32"
"1325","19.78","30.89","43.84","57.57","1:18.83","2:55.39"
"1324","19.79","30.90","43.86","57.59","1:18.85","2:55.45"
"1323","-","30.91","43.87","57.60","1:18.88","2:55.51"
"1322","19.80","30.92","43.89","57.62","1:18.90","2:55.57"
"1321","19.81","30.93","43.90","57.64","1:18.93","2:55.63"
"1320","-","30.94","43.91","57.66","1:18.95","2:55.70"
"1319","19.82","30.95","43.93","57.68","1:18.98","2:55.76"
"1318","-","30.96","43.94","57.70","1:19.00","2:55.82"
"1317","19.83","30.97","43.95","57.71","1:19.02","2:55.88"
"1316","19.84","30.98","43.97","57.73","1:19.05","2:55.95"
"1315","-","30.99","43.98","57.75","1:19.07","2:56.01"
"1314","19.85","31.00","44.00","57.77","1:19.10","2:56.07"
"1313","-","31.01","44.01","57.79","1:19.12","2:56.13"
"1312","19.86","31.02","44.02","57.81","1:19.15","2:56.20"
"1311","19.87","31.03","44.04","57.82","1:19.17","2:56.26"
"1310","-","31.04","44.05","57.84","1:19.20","2:56.32"
"1309","19.88","31.05","44.07","57.86","1:19.22","2:56.38"
"1308","19.89","31.06","44.08","57.88","1:19.25","2:56.45"
"1307","-","31.07","44.09","57.90","1:19.27","2:56.51"
"1306","19.90","31.08","44.11","57.92","1:19.30","2:56.57"
"1305","-","31.09","44.12","57.94","1:19.32","2:56.63"
"1304","19.91","31.10","44.14","57.95","1:19.35","2:56.70"
"1303","19.92","31.11","44.15","57.97","1:19.37","2:56.76"
"1302","-","31.12","44.16","57.99","1:19.40","2:56.82"
"1301","19.93","31.13","44.18","58.01","1:19.42","2:56.88"
"1300","-","31.14","44.19","58.03","1:19.45","2:56.95"
"1299","19.94","31.15","44.21","58.05","1:19.47","2:57.01"
"1298","19.95","31.16","44.22","58.06","1:19.49","2:57.07"
"1297","-","31.17","44.23","58.08","1:19.52","2:57.13"
"1296","19.96","31.18","44.25","58.10","1:19.54","2:57.20"
"1295","19.97","31.19","44.26","58.12","1:19.57","2:57.26"
"1294","-","31.21","44.28","58.14","1:19.59","2:57.32"
"1293","19.98","31.22","44.29","58.16","1:19.62","2:57.39"
"1292","-","31.23","44.30","58.18","1:19.64","2:57.45"
"1291","19.99","31.24","44.32","58.19","1:19.67","2:57.51"
"1290","20.00","31.25","44.33","58.21","1:19.69","2:57.57"
"1289","-","31.26","44.35","58.23","1:19.72","2:57.64"
"1288","20.01","31.27","44.36","58.25","1:19.74","2:57.70"
"1287","20.02","31.28","44.37","58.27","1:19.77","2:57.76"
"1286","-","31.29","44.39","58.29","1:19.79","2:57.83"
"1285","20.03","31.30","44.40","58.30","1:19.82","2:57.89"
"1284","-","31.31","44.42","58.32","1:19.84","2:57.95"
"1283","20.04","31.32","44.43","58.34","1:19.87","2:58.02"
"1282","20.05","31.33","44.44","58.36","1:19.89","2:58.08"
"1281","-","31.34","44.46","58.38","1:19.92","2:58.14"
"1280","20.06","31.35","44.47","58.40","1:19.94","2:58.21"
"1279","-","31.36","44.49","58.42","1:19.97","2:58.27"
"1278","20.07","31.37","44.50","58.44","1:19.99","2:58.33"
"1277","20.08","31.38","44.52","58.45","1:20.02","2:58.40"
"1276","-","31.39","44.53","58.47","1:20.04","2:58.46"
"1275","20.09","31.40","44.54","58.49","1:20.07","2:58.52"
"1274","20.10","31.41","44.56","58.51","1:20.09","2:58.59"
"1273","-","31.42","44.57","58.53","1:20.12","2:58.65"
"1272","20.11","31.43","44.59","58.55","1:20.14","2:58.71"
"1271","-","31.44","44.60","58.57","1:20.17","2:58.78"
"1270","20.12","31.45","44.61","58.58","1:20.19","2:58.84"
"1269","20.13","31.47","44.63","58.60","1:20.22","2:58.90"
"1268","-","31.48","44.64","58.62","1:20.24","2:58.97"
"1267","20.14","31.49","44.66","58.64","1:20.27","2:59.03"
"1266","20.15","31.50","44.67","58.66","1:20.29","2:59.09"
"1265","-","31.51","44.69","58.68","1:20.32","2:59.16"
"1264","20.16","31.52","44.70","58.70","1:20.35","2:59.22"
"1263","-","31.53","44.71","58.72","1:20.37","2:59.28"
"1262","20.17","31.54","44.73","58.73","1:20.40","2:59.35"
"1261","20.18","31.55","44.74","58.75","1:20.42","2:59.41"
"1260","-","31.56","44.76","58.77","1:20.45","2:59.47"
"1259","20.19","31.57","44.77","58.79","1:20.47","2:59.54"
"1258","20.20","31.58","44.78","58.81","1:20.50","2:59.60"
"1257","-","31.59","44.80","58.83","1:20.52","2:59.67"
"1256","20.21","31.60","44.81","58.85","1:20.55","2:59.73"
"1255","20.22","31.61","44.83","58.86","1:20.57","2:59.79"
"1254","-","31.62","44.84","58.88","1:20.60","2:59.86"
"1253","20.23","31.63","44.86","58.90","1:20.62","2:59.92"
"1252","-","31.64","44.87","58.92","1:20.65","2:59.98"
"1251","20.24","31.65","44.88","58.94","1:20.67","3:00.05"
"1250","20.25","31.66","44.90","58.96","1:20.70","3:00.11"
"1249","-","31.68","44.91","58.98","1:20.72","3:00.18"
"1248","20.26","31.69","44.93","59.00","1:20.75","3:00.24"
"1247","20.27","31.70","44.94","59.02","1:20.77","3:00.30"
"1246","-","31.71","44.96","59.03","1:20.80","3:00.37"
"1245","20.28","31.72","44.97","59.05","1:20.83","3:00.43"
"1244","-","31.73","44.98","59.07","1:20.85","3:00.50"
"1243","20.29","31.74","45.00","59.09","1:20.88","3:00.56"
"1242","20.30","31.75","45.01","59.11","1:20.90","3:00.63"
"1241","-","31.76","45.03","59.13","1:20.93","3:00.69"
"1240","20.31","31.77","45.04","59.15","1:20.95","3:00.75"
"1239","20.32","31.78","45.06","59.17","1:20.98","3:00.82"
"1238","-","31.79","45.07","59.19","1:21.00","3:00.88"
"1237","20.33","31.80","45.09","59.20","1:21.03","3:00.95"
"1236","-","31.81","45.10","59.22","1:21.05","3:01.01"
"1235","20.34","31.82","45.11","59.24","1:21.08","3:01.07"
"1234","20.35","31.83","45.13","59.26","1:21.11","3:01.14"
"1233","-","31.84","45.14","59.28","1:21.13","3:01.20"
"1232","20.36","31.85","45.16","59.30","1:21.16","3:01.27"
"1231","20.37","31.87","45.17","59.32","1:21.18","3:01.33"
"1230","-","31.88","45.19","59.34","1:21.21","3:01.40"
"1229","20.38","31.89","45.20","59.36","1:21.23","3:01.46"
"1228","20.39","31.90","45.21","59.37","1:21.26","3:01.53"
"1227","-","31.91","45.23","59.39","1:21.28","3:01.59"
"1226","20.40","31.92","45.24","59.41","1:21.31","3:01.65"
"1225","-","31.93","45.26","59.43","1:21.33","3:01.72"
"1224","20.41","31.94","45.27","59.45","1:21.36","3:01.78"
"1223","20.42","31.95","45.29","59.47","1:21.39","3:01.85"
"1222","-","31.96","45.30","59.49","1:21.41","3:01.91"
"1221","20.43","31.97","45.32","59.51","1:21.44","3:01.98"
"1220","20.44","31.98","45.33","59.53","1:21.46","3:02.04"
"1219","-","31.99","45.34","59.55","1:21.49","3:02.11"
"1218","20.45","32.00","45.36","59.56","1:21.51","3:02.17"
"1217","20.46","32.01","45.37","59.58","1:21.54","3:02.24"
"1216","-","32.03","45.39","59.60","1:21.57","3:02.30"
"1215","20.47","32.04","45.40","59.62","1:21.59","3:02.37"
"1214","-","32.05","45.42","59.64","1:21.62","3:02.43"
"1213","20.48","32.06","45.43","59.66","1:21.64","3:02.50"
"1212","20.49","32.07","45.45","59.68","1:21.67","3:02.56"
"1211","-","32.08","45.46","59.70","1:21.69","3:02.63"
"1210","20.50","32.09","45.47","59.72","1:21.72","3:02.69"
"1209","20.51","32.10","45.49","59.74","1:21.75","3:02.76"
"1208","-","32.11","45.50","59.76","1:21.77","3:02.82"
"1207","20.52","32.12","45.52","59.78","1:21.80","3:02.89"
"1206","20.53","32.13","45.53","59.79","1:21.82","3:02.95"
"1205","-","32.14","45.55","59.81","1:21.85","3:03.02"
"1204","20.54","32.15","45.56","59.83","1:21.87","3:03.08"
"1203","20.55","32.16","45.58","59.85","1:21.90","3:03.15"
"1202","-","32.18","45.59","59.87","1:21.93","3:03.21"
"1201","20.56","32.19","45.61","59.89","1:21.95","3:03.28"
"1200","-","32.20","45.62","59.91","1:21.98","3:03.34"
"1199","20.57","32.21","45.63","59.93","1:22.00","3:03.41"
"1198","20.58","32.22","45.65","59.95","1:22.03","3:03.47"
"1197","-","32.23","45.66","59.97","1:22.06","3:03.54"
"1196","20.59","32.24","45.68","59.99","1:22.08","3:03.60"
"1195","20.60","32.25","45.69","1:00.01","1:22.11","3:03.67"
"1194","-","32.26","45.71","1:00.02","1:22.13","3:03.74"
"1193","20.61","32.27","45.72","1:00.04","1:22.16","3:03.80"
"1192","20.62","32.28","45.74","1:00.06","1:22.18","3:03.87"
"1191","-","32.29","45.75","1:00.08","1:22.21","3:03.93"
"1190","20.63","32.30","45.77","1:00.10","1:22.24","3:04.00"
"1189","20.64","32.32","45.78","1:00.12","1:22.26","3:04.06"
"1188","-","32.33","45.80","1:00.14","1:22.29","3:04.13"
"1187","20.65","32.34","45.81","1:00.16","1:22.31","3:04.19"
"1186","-","32.35","45.82","1:00.18","1:22.34","3:04.26"
"1185","20.66","32.36","45.84","1:00.20","1:22.37","3:04.33"
"1184","20.67","32.37","45.85","1:00.22","1:22.39","3:04.39"
"1183","-","32.38","45.87","1:00.24","1:22.42","3:04.46"
"1182","20.68","32.39","45.88","1:00.26","1:22.44","3:04.52"
"1181","20.69","32.40","45.90","1:00.28","1:22.47","3:04.59"
"1180","-","32.41","45.91","1:00.29","1:22.50","3:04.65"
"1179","20.70","32.42","45.93","1:00.31","1:22.52","3:04.72"
"1178","20.71","32.43","45.94","1:00.33","1:22.55","3:04.79"
"1177","-","32.45","45.96","1:00.35","1:22.57","3:04.85"
"1176","20.72","32.46","45.97","1:00.37","1:22.60","3:04.92"
"1175","20.73","32.47","45.99","1:00.39","1:22.63","3:04.98"
"1174","-","32.48","46.00","1:00.41","1:22.65","3:05.05"
"1173","20.74","32.49","46.02","1:00.43","1:22.68","3:05.12"
"1172","20.75","32.50","46.03","1:00.45","1:22.71","3:05.18"
"1171","-","32.51","46.05","1:00.47","1:22.73","3:05.25"
"1170","20.76","32.52","46.06","1:00.49","1:22.76","3:05.31"
"1169","20.77","32.53","46.07","1:00.51","1:22.78","3:05.38"
"1168","-","32.54","46.09","1:00.53","1:22.81","3:05.45"
"1167","20.78","32.55","46.10","1:00.55","1:22.84","3:05.51"
"1166","-","32.56","46.12","1:00.57","1:22.86","3:05.58"
"1165","20.79","32.58","46.13","1:00.59","1:22.89","3:05.64"
"1164","20.80","32.59","46.15","1:00.61","1:22.91","3:05.71"
"1163","-","32.60","46.16","1:00.63","1:22.94","3:05.78"
"1162","20.81","32.61","46.18","1:00.64","1:22.97","3:05.84"
"1161","20.82","32.62","46.19","1:00.66","1:22.99","3:05.91"
"1160","-","32.63","46.21","1:00.68","1:23.02","3:05.98"
"1159","20.83","32.64","46.22","1:00.70","1:23.05","3:06.04"
"1158","20.84","32.65","46.24","1:00.72","1:23.07","3:06.11"
"1157","-","32.66","46.25","1:00.74","1:23.10","3:06.18"
"1156","20.85","32.67","46.27","1:00.76","1:23.13","3:06.24"
"1155","20.86","32.68","46.28","1:00.78","1:23.15","3:06.31"
"1154","-","32.70","46.30","1:00.80","1:23.18","3:06.37"
"1153","20.87","32.71","46.31","1:00.82","1:23.20","3:06.44"
"1152","20.88","32.72","46.33","1:00.84","1:23.23","3:06.51"
"1151","-","32.73","46.34","1:00.86","1:23.26","3:06.57"
"1150","20.89","32.74","46.36","1:00.88","1:23.28","3:06.64"
"1149","20.90","32.75","46.37","1:00.90","1:23.31","3:06.71"
"1148","-","32.76","46.39","1:00.92","1:23.34","3:06.77"
"1147","20.91","32.77","46.40","1:00.94","1:23.36","3:06.84"
"1146","20.92","32.78","46.42","1:00.96","1:23.39","3:06.91"
"1145","-","32.79","46.43","1:00.98","1:23.42","3:06.97"
"1144","20.93","32.81","46.45","1:01.00","1:23.44","3:07.04"
"1143","20.94","32.82","46.46","1:01.02","1:23.47","3:07.11"
"1142","-","32.83","46.48","1:01.04","1:23.49","3:07.18"
"1141","20.95","32.84","46.49","1:01.06","1:23.52","3:07.24"
"1140","20.96","32.85","46.51","1:01.08","1:23.55","3:07.31"
"1139","-","32.86","46.52","1:01.10","1:23.57","3:07.38"
"1138","20.97","32.87","46.54","1:01.12","1:23.60","3:07.44"
"1137","20.98","32.88","46.55","1:01.14","1:23.63","3:07.51"
"1136","-","32.89","46.57","1:01.16","1:23.65","3:07.58"
"1135","20.99","32.91","46.58","1:01.17","1:23.68","3:07.64"
"1134","21.00","32.92","46.60","1:01.19","1:23.71","3:07.71"
"1133","-","32.93","46.61","1:01.21","1:23.73","3:07.78"
"1132","21.01","32.94","46.63","1:01.23","1:23.76","3:07.85"
"1131","-","32.95","46.64","1:01.25","1:23.79","3:07.91"
"1130","21.02","32.96","46.66","1:01.27","1:23.81","3:07.98"
"1129","21.03","32.97","46.67","1:01.29","1:23.84","3:08.05"
"1128","-","32.98","46.69","1:01.31","1:23.87","3:08.12"
"1127","21.04","32.99","46.70","1:01.33","1:23.89","3:08.18"
"1126","21.05","33.00","46.72","1:01.35","1:23.92","3:08.25"
"1125","-","33.02","46.73","1:01.37","1:23.95","3:08.32"
"1124","21.06","33.03","46.75","1:01.39","1:23.97","3:08.38"
"1123","21.07","33.04","46.76","1:01.41","1:24.00","3:08.45"
"1122","-","33.05","46.78","1:01.43","1:24.03","3:08.52"
"1121","21.08","33.06","46.79","1:01.45","1:24.05","3:08.59"
"1120","21.09","33.07","46.81","1:01.47","1:24.08","3:08.65"
"1119","-","33.08","46.82","1:01.49","1:24.11","3:08.72"
"1118","21.10","33.09","46.84","1:01.51","1:24.13","3:08.79"
"1117","21.11","33.10","46.85","1:01.53","1:24.16","3:08.86"
"1116","-","33.12","46.87","1:01.55","1:24.19","3:08.93"
"1115","21.12","33.13","46.88","1:01.57","1:24.21","3:08.99"
"1114","21.13","33.14","46.90","1:01.59","1:24.24","3:09.06"
"1113","-","33.15","46.91","1:01.61","1:24.27","3:09.13"
"1112","21.14","33.16","46.93","1:01.63","1:24.29","3:09.20"
"1111","21.15","33.17","46.94","1:01.65","1:24.32","3:09.26"
"1110","-","33.18","46.96","1:01.67","1:24.35","3:09.33"
"1109","21.16","33.19","46.97","1:01.69","1:24.38","3:09.40"
"1108","21.17","33.21","46.99","1:01.71","1:24.40","3:09.47"
"1107","-","33.22","47.00","1:01.73","1:24.43","3:09.54"
"1106","21.18","33.23","47.02","1:01.75","1:24.46","3:09.60"
"1105","21.19","33.24","47.03","1:01.77","1:24.48","3:09.67"
"1104","-","33.25","47.05","1:01.79","1:24.51","3:09.74"
"1103","21.20","33.26","47.06","1:01.81","1:24.54","3:09.81"
"1102","21.21","33.27","47.08","1:01.83","1:24.56","3:09.88"
"1101","-","33.28","47.09","1:01.85","1:24.59","3:09.94"
"1100","21.22","33.29","47.11","1:01.87","1:24.62","3:10.01"
"1099","21.23","33.31","47.12","1:01.89","1:24.64","3:10.08"
"1098","21.24","33.32","47.14","1:01.91","1:24.67","3:10.15"
"1097","-","33.33","47.15","1:01.93","1:24.70","3:10.22"
"1096","21.25","33.34","47.17","1:01.95","1:24.73","3:10.28"
"1095","21.26","33.35","47.19","1:01.97","1:24.75","3:10.35"
"1094","-","33.36","47.20","1:01.99","1:24.78","3:10.42"
"1093","21.27","33.37","47.22","1:02.01","1:24.81","3:10.49"
"1092","21.28","33.38","47.23","1:02.03","1:24.83","3:10.56"
"1091","-","33.40","47.25","1:02.05","1:24.86","3:10.63"
"1090","21.29","33.41","47.26","1:02.07","1:24.89","3:10.70"
"1089","21.30","33.42","47.28","1:02.09","1:24.92","3:10.76"
"1088","-","33.43","47.29","1:02.11","1:24.94","3:10.83"
"1087","21.31","33.44","47.31","1:02.13","1:24.97","3:10.90"
"1086","21.32","33.45","47.32","1:02.15","1:25.00","3:10.97"
"1085","-","33.46","47.34","1:02.17","1:25.02","3:11.04"
"1084","21.33","33.48","47.35","1:02.19","1:25.05","3:11.11"
"1083","21.34","33.49","47.37","1:02.21","1:25.08","3:11.18"
"1082","-","33.50","47.38","1:02.23","1:25.11","3:11.24"
"1081","21.35","33.51","47.40","1:02.25","1:25.13","3:11.31"
"1080","21.36","33.52","47.41","1:02.27","1:25.16","3:11.38"
"1079","-","33.53","47.43","1:02.29","1:25.19","3:11.45"
"1078","21.37","33.54","47.45","1:02.31","1:25.21","3:11.52"
"1077","21.38","33.55","47.46","1:02.34","1:25.24","3:11.59"
"1076","-","33.57","47.48","1:02.36","1:25.27","3:11.66"
"1075","21.39","33.58","47.49","1:02.38","1:25.30","3:11.73"
"1074","21.40","33.59","47.51","1:02.40","1:25.32","3:11.80"
"1073","-","33.60","47.52","1:02.42","1:25.35","3:11.86"
"1072","21.41","33.61","47.54","1:02.44","1:25.38","3:11.93"
"1071","21.42","33.62","47.55","1:02.46","1:25.41","3:12.00"
"1070","-","33.63","47.57","1:02.48","1:25.43","3:12.07"
"1069","21.43","33.65","47.58","1:02.50","1:25.46","3:12.14"
"1068","21.44","33.66","47.60","1:02.52","1:25.49","3:12.21"
"1067","-","33.67","47.62","1:02.54","1:25.52","3:12.28"
"1066","21.45","33.68","47.63","1:02.56","1:25.54","3:12.35"
"1065","21.46","33.69","47.65","1:02.58","1:25.57","3:12.42"
"1064","21.47","33.70","47.66","1:02.60","1:25.60","3:12.49"
"1063","-","33.71","47.68","1:02.62","1:25.63","3:12.56"
"1062","21.48","33.73","47.69","1:02.64","1:25.65","3:12.63"
"1061","21.49","33.74","47.71","1:02.66","1:25.68","3:12.69"
"1060","-","33.75","47.72","1:02.68","1:25.71","3:12.76"
"1059","21.50","33.76","47.74","1:02.70","1:25.73","3:12.83"
"1058","21.51","33.77","47.75","1:02.72","1:25.76","3:12.90"
"1057","-","33.78","47.77","1:02.74","1:25.79","3:12.97"
"1056","21.52","33.79","47.79","1:02.76","1:25.82","3:13.04"
"1055","21.53","33.81","47.80","1:02.78","1:25.85","3:13.11"
"1054","-","33.82","47.82","1:02.80","1:25.87","3:13.18"
"1053","21.54","33.83","47.83","1:02.82","1:25.90","3:13.25"
"1052","21.55","33.84","47.85","1:02.84","1:25.93","3:13.32"
"1051","-","33.85","47.86","1:02.87","1:25.96","3:13.39"
"1050","21.56","33.86","47.88","1:02.89","1:25.98","3:13.46"
"1049","21.57","33.87","47.89","1:02.91","1:26.01","3:13.53"
"1048","-","33.89","47.91","1:02.93","1:26.04","3:13.60"
"1047","21.58","33.90","47.93","1:02.95","1:26.07","3:13.67"
"1046","21.59","33.91","47.94","1:02.97","1:26.09","3:13.74"
"1045","21.60","33.92","47.96","1:02.99","1:26.12","3:13.81"
"1044","-","33.93","47.97","1:03.01","1:26.15","3:13.88"
"1043","21.61","33.94","47.99","1:03.03","1:26.18","3:13.95"
"1042","21.62","33.95","48.00","1:03.05","1:26.20","3:14.02"
"1041","-","33.97","48.02","1:03.07","1:26.23","3:14.09"
"1040","21.63","33.98","48.04","1:03.09","1:26.26","3:14.16"
"1039","21.64","33.99","48.05","1:03.11","1:26.29","3:14.23"
"1038","-","34.00","48.07","1:03.13","1:26.32","3:14.30"
"1037","21.65","34.01","48.08","1:03.15","1:26.34","3:14.37"
"1036","21.66","34.02","48.10","1:03.17","1:26.37","3:14.44"
"1035","-","34.04","48.11","1:03.19","1:26.40","3:14.51"
"1034","21.67","34.05","48.13","1:03.22","1:26.43","3:14.58"
"1033","21.68","34.06","48.14","1:03.24","1:26.45","3:14.65"
"1032","21.69","34.07","48.16","1:03.26","1:26.48","3:14.72"
"1031","-","34.08","48.18","1:03.28","1:26.51","3:14.79"
"1030","21.70","34.09","48.19","1:03.30","1:26.54","3:14.86"
"1029","21.71","34.11","48.21","1:03.32","1:26.57","3:14.93"
"1028","-","34.12","48.22","1:03.34","1:26.59","3:15.00"
"1027","21.72","34.13","48.24","1:03.36","1:26.62","3:15.07"
"1026","21.73","34.14","48.26","1:03.38","1:26.65","3:15.14"
"1025","-","34.15","48.27","1:03.40","1:26.68","3:15.22"
"1024","21.74","34.16","48.29","1:03.42","1:26.71","3:15.29"
"1023","21.75","34.18","48.30","1:03.44","1:26.73","3:15.36"
"1022","-","34.19","48.32","1:03.46","1:26.76","3:15.43"
"1021","21.76","34.20","48.33","1:03.49","1:26.79","3:15.50"
"1020","21.77","34.21","48.35","1:03.51","1:26.82","3:15.57"
"1019","21.78","34.22","48.37","1:03.53","1:26.85","3:15.64"
"1018","-","34.23","48.38","1:03.55","1:26.87","3:15.71"
"1017","21.79","34.25","48.40","1:03.57","1:26.90","3:15.78"
"1016","21.80","34.26","48.41","1:03.59","1:26.93","3:15.85"
"1015","-","34.27","48.43","1:03.61","1:26.96","3:15.92"
"1014","21.81","34.28","48.44","1:03.63","1:26.99","3:15.99"
"1013","21.82","34.29","48.46","1:03.65","1:27.01","3:16.07"
"1012","-","34.30","48.48","1:03.67","1:27.04","3:16.14"
"1011","21.83","34.32","48.49","1:03.69","1:27.07","3:16.21"
"1010","21.84","34.33","48.51","1:03.71","1:27.10","3:16.28"
"1009","21.85","34.34","48.52","1:03.74","1:27.13","3:16.35"
"1008","-","34.35","48.54","1:03.76","1:27.16","3:16.42"
"1007","21.86","34.36","48.56","1:03.78","1:27.18","3:16.49"
"1006","21.87","34.37","48.57","1:03.80","1:27.21","3:16.56"
"1005","-","34.39","48.59","1:03.82","1:27.24","3:16.63"
"1004","21.88","34.40","48.60","1:03.84","1:27.27","3:16.71"
"1003","21.89","34.41","48.62","1:03.86","1:27.30","3:16.78"
"1002","21.90","34.42","48.64","1:03.88","1:27.32","3:16.85"
"1001","-","34.43","48.65","1:03.90","1:27.35","3:16.92"
"1000","21.91","34.44","48.67","1:03.92","1:27.38","3:16.99"
"999","21.92","34.46","48.68","1:03.95","1:27.41","3:17.06"
"998","-","34.47","48.70","1:03.97","1:27.44","3:17.13"
"997","21.93","34.48","48.72","1:03.99","1:27.47","3:17.21"
"996","21.94","34.49","48.73","1:04.01","1:27.49","3:17.28"
"995","-","34.50","48.75","1:04.03","1:27.52","3:17.35"
"994","21.95","34.52","48.76","1:04.05","1:27.55","3:17.42"
"993","21.96","34.53","48.78","1:04.07","1:27.58","3:17.49"
"992","21.97","34.54","48.80","1:04.09","1:27.61","3:17.57"
"991","-","34.55","48.81","1:04.11","1:27.64","3:17.64"
"990","21.98","34.56","48.83","1:04.14","1:27.66","3:17.71"
"989","21.99","34.57","48.84","1:04.16","1:27.69","3:17.78"
"988","-","34.59","48.86","1:04.18","1:27.72","3:17.85"
"987","22.00","34.60","48.88","1:04.20","1:27.75","3:17.92"
"986","22.01","34.61","48.89","1:04.22","1:27.78","3:18.00"
"985","22.02","34.62","48.91","1:04.24","1:27.81","3:18.07"
"984","-","34.63","48.92","1:04.26","1:27.84","3:18.14"
"983","22.03","34.65","48.94","1:04.28","1:27.86","3:18.21"
"982","22.04","34.66","48.96","1:04.31","1:27.89","3:18.28"
"981","-","34.67","48.97","1:04.33","1:27.92","3:18.36"
"980","22.05","34.68","48.99","1:04.35","1:27.95","3:18.43"
"979","22.06","34.69","49.00","1:04.37","1:27.98","3:18.50"
"978","-","34.70","49.02","1:04.39","1:28.01","3:18.57"
"977","22.07","34.72","49.04","1:04.41","1:28.04","3:18.65"
"976","22.08","34.73","49.05","1:04.43","1:28.06","3:18.72"
"975","22.09","34.74","49.07","1:04.45","1:28.09","3:18.79"
"974","-","34.75","49.09","1:04.48","1:28.12","3:18.86"
"973","22.10","34.76","49.10","1:04.50","1:28.15","3:18.94"
"972","22.11","34.78","49.12","1:04.52","1:28.18","3:19.01"
"971","-","34.79","49.13","1:04.54","1:28.21","3:19.08"
"970","22.12","34.80","49.15","1:04.56","1:28.24","3:19.15"
"969","22.13","34.81","49.17","1:04.58","1:28.27","3:19.23"
"968","22.14","34.82","49.18","1:04.60","1:28.29","3:19.30"
"967","-","34.84","49.20","1:04.62","1:28.32","3:19.37"
"966","22.15","34.85","49.21","1:04.65","1:28.35","3:19.44"
"965","22.16","34.86","49.23","1:04.67","1:28.38","3:19.52"
"964","-","34.87","49.25","1:04.69","1:28.41","3:19.59"
"963","22.17","34.88","49.26","1:04.71","1:28.44","3:19.66"
"962","22.18","34.90","49.28","1:04.73","1:28.47","3:19.74"
"961","22.19","34.91","49.30","1:04.75","1:28.50","3:19.81"
"960","-","34.92","49.31","1:04.77","1:28.52","3:19.88"
"959","22.20","34.93","49.33","1:04.80","1:28.55","3:19.95"
"958","22.21","34.94","49.35","1:04.82","1:28.58","3:20.03"
"957","22.22","34.96","49.36","1:04.84","1:28.61","3:20.10"
"956","-","34.97","49.38","1:04.86","1:28.64","3:20.17"
"955","22.23","34.98","49.39","1:04.88","1:28.67","3:20.25"
"954","22.24","34.99","49.41","1:04.90","1:28.70","3:20.32"
"953","-","35.00","49.43","1:04.93","1:28.73","3:20.39"
"952","22.25","35.02","49.44","1:04.95","1:28.76","3:20.47"
"951","22.26","35.03","49.46","1:04.97","1:28.79","3:20.54"
"950","22.27","35.04","49.48","1:04.99","1:28.81","3:20.61"
"949","-","35.05","49.49","1:05.01","1:28.84","3:20.69"
"948","22.28","35.06","49.51","1:05.03","1:28.87","3:20.76"
"947","22.29","35.08","49.53","1:05.05","1:28.90","3:20.83"
"946","-","35.09","49.54","1:05.08","1:28.93","3:20.91"
"945","22.30","35.10","49.56","1:05.10","1:28.96","3:20.98"
"944","22.31","35.11","49.57","1:05.12","1:28.99","3:21.05"
"943","22.32","35.13","49.59","1:05.14","1:29.02","3:21.13"
"942","-","35.14","49.61","1:05.16","1:29.05","3:21.20"
"941","22.33","35.15","49.62","1:05.18","1:29.08","3:21.27"
"940","22.34","35.16","49.64","1:05.21","1:29.11","3:21.35"
"939","22.35","35.17","49.66","1:05.23","1:29.14","3:21.42"
"938","-","35.19","49.67","1:05.25","1:29.16","3:21.50"
"937","22.36","35.20","49.69","1:05.27","1:29.19","3:21.57"
"936","22.37","35.21","49.71","1:05.29","1:29.22","3:21.64"
"935","-","35.22","49.72","1:05.31","1:29.25","3:21.72"
"934","22.38","35.23","49.74","1:05.34","1:29.28","3:21.79"
"933","22.39","35.25","49.76","1:05.36","1:29.31","3:21.87"
"932","22.40","35.26","49.77","1:05.38","1:29.34","3:21.94"
"931","-","35.27","49.79","1:05.40","1:29.37","3:22.01"
"930","22.41","35.28","49.81","1:05.42","1:29.40","3:22.09"
"929","22.42","35.30","49.82","1:05.45","1:29.43","3:22.16"
"928","22.43","35.31","49.84","1:05.47","1:29.46","3:22.24"
"927","-","35.32","49.85","1:05.49","1:29.49","3:22.31"
"926","22.44","35.33","49.87","1:05.51","1:29.52","3:22.38"
"925","22.45","35.34","49.89","1:05.53","1:29.55","3:22.46"
"924","-","35.36","49.90","1:05.55","1:29.57","3:22.53"
"923","22.46","35.37","49.92","1:05.58","1:29.60","3:22.61"
"922","22.47","35.38","49.94","1:05.60","1:29.63","3:22.68"
"921","22.48","35.39","49.95","1:05.62","1:29.66","3:22.76"
"920","-","35.41","49.97","1:05.64","1:29.69","3:22.83"
"919","22.49","35.42","49.99","1:05.66","1:29.72","3:22.91"
"918","22.50","35.43","50.00","1:05.69","1:29.75","3:22.98"
"917","22.51","35.44","50.02","1:05.71","1:29.78","3:23.06"
"916","-","35.46","50.04","1:05.73","1:29.81","3:23.13"
"915","22.52","35.47","50.05","1:05.75","1:29.84","3:23.20"
"914","22.53","35.48","50.07","1:05.77","1:29.87","3:23.28"
"913","22.54","35.49","50.09","1:05.80","1:29.90","3:23.35"
"912","-","35.50","50.10","1:05.82","1:29.93","3:23.43"
"911","22.55","35.52","50.12","1:05.84","1:29.96","3:23.50"
"910","22.56","35.53","50.14","1:05.86","1:29.99","3:23.58"
"909","22.57","35.54","50.15","1:05.88","1:30.02","3:23.65"
"908","-","35.55","50.17","1:05.91","1:30.05","3:23.73"
"907","22.58","35.57","50.19","1:05.93","1:30.08","3:23.80"
"906","22.59","35.58","50.21","1:05.95","1:30.11","3:23.88"
"905","-","35.59","50.22","1:05.97","1:30.14","3:23.95"
"904","22.60","35.60","50.24","1:05.99","1:30.17","3:24.03"
"903","22.61","35.62","50.26","1:06.02","1:30.20","3:24.10"
"902","22.62","35.63","50.27","1:06.04","1:30.23","3:24.18"
"901","-","35.64","50.29","1:06.06","1:30.26","3:24.25"
"900","22.63","35.65","50.31","1:06.08","1:30.29","3:24.33"
"899","22.64","35.67","50.32","1:06.11","1:30.32","3:24.41"
"898","22.65","35.68","50.34","1:06.13","1:30.35","3:24.48"
"897","-","35.69","50.36","1:06.15","1:30.38","3:24.56"
"896","22.66","35.70","50.37","1:06.17","1:30.41","3:24.63"
"895","22.67","35.72","50.39","1:06.19","1:30.44","3:24.71"
"894","22.68","35.73","50.41","1:06.22","1:30.47","3:24.78"
"893","-","35.74","50.42","1:06.24","1:30.50","3:24.86"
"892","22.69","35.75","50.44","1:06.26","1:30.53","3:24.93"
"891","22.70","35.76","50.46","1:06.28","1:30.56","3:25.01"
"890","22.71","35.78","50.47","1:06.31","1:30.59","3:25.09"
"889","-","35.79","50.49","1:06.33","1:30.62","3:25.16"
"888","22.72","35.80","50.51","1:06.35","1:30.65","3:25.24"
"887","22.73","35.81","50.53","1:06.37","1:30.68","3:25.31"
"886","22.74","35.83","50.54","1:06.40","1:30.71","3:25.39"
"885","-","35.84","50.56","1:06.42","1:30.74","3:25.47"
"884","22.75","35.85","50.58","1:06.44","1:30.77","3:25.54"
"883","22.76","35.86","50.59","1:06.46","1:30.80","3:25.62"
"882","22.77","35.88","50.61","1:06.48","1:30.83","3:25.69"
"881","-","35.89","50.63","1:06.51","1:30.86","3:25.77"
"880","22.78","35.90","50.64","1:06.53","1:30.89","3:25.85"
"879","22.79","35.92","50.66","1:06.55","1:30.92","3:25.92"
"878","22.80","35.93","50.68","1:06.57","1:30.95","3:26.00"
"877","-","35.94","50.70","1:06.60","1:30.98","3:26.08"
"876","22.81","35.95","50.71","1:06.62","1:31.01","3:26.15"
"875","22.82","35.97","50.73","1:06.64","1:31.04","3:26.23"
"874","22.83","35.98","50.75","1:06.66","1:31.07","3:26.30"
"873","-","35.99","50.76","1:06.69","1:31.10","3:26.38"
"872","22.84","36.00","50.78","1:06.71","1:31.13","3:26.46"
"871","22.85","36.02","50.80","1:06.73","1:31.16","3:26.53"
"870","22.86","36.03","50.81","1:06.75","1:31.19","3:26.61"
"869","-","36.04","50.83","1:06.78","1:31.22","3:26.69"
"868","22.87","36.05","50.85","1:06.80","1:31.25","3:26.76"
"867","22.88","36.07","50.87","1:06.82","1:31.28","3:26.84"
"866","22.89","36.08","50.88","1:06.84","1:31.31","3:26.92"
"865","-","36.09","50.90","1:06.87","1:31.34","3:26.99"
"864","22.90","36.10","50.92","1:06.89","1:31.37","3:27.07"
"863","22.91","36.12","50.94","1:06.91","1:31.40","3:27.15"
"862","22.92","36.13","50.95","1:06.94","1:31.43","3:27.23"
"861","-","36.14","50.97","1:06.96","1:31.46","3:27.30"
"860","22.93","36.16","50.99","1:06.98","1:31.49","3:27.38"
"859","22.94","36.17","51.00","1:07.00","1:31.52","3:27.46"
"858","22.95","36.18","51.02","1:07.03","1:31.55","3:27.53"
"857","22.96","36.19","51.04","1:07.05","1:31.59","3:27.61"
"856","-","36.21","51.06","1:07.07","1:31.62","3:27.69"
"855","22.97","36.22","51.07","1:07.09","1:31.65","3:27.77"
"854","22.98","36.23","51.09","1:07.12","1:31.68","3:27.84"
"853","22.99","36.24","51.11","1:07.14","1:31.71","3:27.92"
"852","-","36.26","51.12","1:07.16","1:31.74","3:28.00"
"851","23.00","36.27","51.14","1:07.19","1:31.77","3:28.08"
"850","23.01","36.28","51.16","1:07.21","1:31.80","3:28.15"
"849","23.02","36.30","51.18","1:07.23","1:31.83","3:28.23"
"848","-","36.31","51.19","1:07.25","1:31.86","3:28.31"
"847","23.03","36.32","51.21","1:07.28","1:31.89","3:28.39"
"846","23.04","36.33","51.23","1:07.30","1:31.92","3:28.46"
"845","23.05","36.35","51.25","1:07.32","1:31.95","3:28.54"
"844","-","36.36","51.26","1:07.35","1:31.98","3:28.62"
"843","23.06","36.37","51.28","1:07.37","1:32.01","3:28.70"
"842","23.07","36.38","51.30","1:07.39","1:32.05","3:28.77"
"841","23.08","36.40","51.32","1:07.41","1:32.08","3:28.85"
"840","23.09","36.41","51.33","1:07.44","1:32.11","3:28.93"
"839","-","36.42","51.35","1:07.46","1:32.14","3:29.01"
"838","23.10","36.44","51.37","1:07.48","1:32.17","3:29.09"
"837","23.11","36.45","51.39","1:07.51","1:32.20","3:29.16"
"836","23.12","36.46","51.40","1:07.53","1:32.23","3:29.24"
"835","-","36.47","51.42","1:07.55","1:32.26","3:29.32"
"834","23.13","36.49","51.44","1:07.57","1:32.29","3:29.40"
"833","23.14","36.50","51.46","1:07.60","1:32.32","3:29.48"
"832","23.15","36.51","51.47","1:07.62","1:32.36","3:29.56"
"831","-","36.53","51.49","1:07.64","1:32.39","3:29.63"
"830","23.16","36.54","51.51","1:07.67","1:32.42","3:29.71"
"829","23.17","36.55","51.53","1:07.69","1:32.45","3:29.79"
"828","23.18","36.57","51.54","1:07.71","1:32.48","3:29.87"
"827","23.19","36.58","51.56","1:07.74","1:32.51","3:29.95"
"826","-","36.59","51.58","1:07.76","1:32.54","3:30.03"
"825","23.20","36.60","51.60","1:07.78","1:32.57","3:30.11"
"824","23.21","36.62","51.61","1:07.81","1:32.60","3:30.18"
"823","23.22","36.63","51.63","1:07.83","1:32.64","3:30.26"
"822","-","36.64","51.65","1:07.85","1:32.67","3:30.34"
"821","23.23","36.66","51.67","1:07.88","1:32.70","3:30.42"
"820","23.24","36.67","51.68","1:07.90","1:32.73","3:30.50"
"819","23.25","36.68","51.70","1:07.92","1:32.76","3:30.58"
"818","23.26","36.70","51.72","1:07.95","1:32.79","3:30.66"
"817","-","36.71","51.74","1:07.97","1:32.82","3:30.74"
"816","23.27","36.72","51.75","1:07.99","1:32.85","3:30.82"
"815","23.28","36.73","51.77","1:08.02","1:32.89","3:30.90"
"814","23.29","36.75","51.79","1:08.04","1:32.92","3:30.97"
"813","-","36.76","51.81","1:08.06","1:32.95","3:31.05"
"812","23.30","36.77","51.82","1:08.08","1:32.98","3:31.13"
"811","23.31","36.79","51.84","1:08.11","1:33.01","3:31.21"
"810","23.32","36.80","51.86","1:08.13","1:33.04","3:31.29"
"809","23.33","36.81","51.88","1:08.16","1:33.07","3:31.37"
"808","-","36.83","51.90","1:08.18","1:33.11","3:31.45"
"807","23.34","36.84","51.91","1:08.20","1:33.14","3:31.53"
"806","23.35","36.85","51.93","1:08.23","1:33.17","3:31.61"
"805","23.36","36.86","51.95","1:08.25","1:33.20","3:31.69"
"804","-","36.88","51.97","1:08.27","1:33.23","3:31.77"
"803","23.37","36.89","51.98","1:08.30","1:33.26","3:31.85"
"802","23.38","36.90","52.00","1:08.32","1:33.29","3:31.93"
"801","23.39","36.92","52.02","1:08.34","1:33.33","3:32.01"
"800","23.40","36.93","52.04","1:08.37","1:33.36","3:32.09"
"799","-","36.94","52.06","1:08.39","1:33.39","3:32.17"
"798","23.41","36.96","52.07","1:08.41","1:33.42","3:32.25"
"797","23.42","36.97","52.09","1:08.44","1:33.45","3:32.33"
"796","23.43","36.98","52.11","1:08.46","1:33.48","3:32.41"
"795","23.44","37.00","52.13","1:08.48","1:33.52","3:32.49"
"794","-","37.01","52.15","1:08.51","1:33.55","3:32.57"
"793","23.45","37.02","52.16","1:08.53","1:33.58","3:32.65"
"792","23.46","37.04","52.18","1:08.55","1:33.61","3:32.73"
"791","23.47","37.05","52.20","1:08.58","1:33.64","3:32.81"
"790","23.48","37.06","52.22","1:08.60","1:33.68","3:32.89"
"789","-","37.08","52.24","1:08.63","1:33.71","3:32.97"
"788","23.49","37.09","52.25","1:08.65","1:33.74","3:33.05"
"787","23.50","37.10","52.27","1:08.67","1:33.77","3:33.13"
"786","23.51","37.12","52.29","1:08.70","1:33.80","3:33.21"
"785","-","37.13","52.31","1:08.72","1:33.83","3:33.29"
"784","23.52","37.14","52.33","1:08.74","1:33.87","3:33.37"
"783","23.53","37.16","52.34","1:08.77","1:33.90","3:33.46"
"782","23.54","37.17","52.36","1:08.79","1:33.93","3:33.54"
"781","23.55","37.18","52.38","1:08.82","1:33.96","3:33.62"
"780","-","37.20","52.40","1:08.84","1:34.00","3:33.70"
"779","23.56","37.21","52.42","1:08.86","1:34.03","3:33.78"
"778","23.57","37.22","52.43","1:08.89","1:34.06","3:33.86"
"777","23.58","37.24","52.45","1:08.91","1:34.09","3:33.94"
"776","23.59","37.25","52.47","1:08.93","1:34.12","3:34.02"
"775","-","37.26","52.49","1:08.96","1:34.16","3:34.10"
"774","23.60","37.28","52.51","1:08.98","1:34.19","3:34.18"
"773","23.61","37.29","52.52","1:09.01","1:34.22","3:34.27"
"772","23.62","37.30","52.54","1:09.03","1:34.25","3:34.35"
"771","23.63","37.32","52.56","1:09.05","1:34.28","3:34.43"
"770","-","37.33","52.58","1:09.08","1:34.32","3:34.51"
"769","23.64","37.34","52.60","1:09.10","1:34.35","3:34.59"
"768","23.65","37.36","52.62","1:09.13","1:34.38","3:34.67"
"767","23.66","37.37","52.63","1:09.15","1:34.41","3:34.75"
"766","23.67","37.38","52.65","1:09.17","1:34.45","3:34.84"
"765","-","37.40","52.67","1:09.20","1:34.48","3:34.92"
"764","23.68","37.41","52.69","1:09.22","1:34.51","3:35.00"
"763","23.69","37.42","52.71","1:09.25","1:34.54","3:35.08"
"762","23.70","37.44","52.72","1:09.27","1:34.58","3:35.16"
"761","23.71","37.45","52.74","1:09.29","1:34.61","3:35.25"
"760","23.72","37.46","52.76","1:09.32","1:34.64","3:35.33"
"759","-","37.48","52.78","1:09.34","1:34.67","3:35.41"
"758","23.73","37.49","52.80","1:09.37","1:34.71","3:35.49"
"757","23.74","37.50","52.82","1:09.39","1:34.74","3:35.57"
"756","23.75","37.52","52.83","1:09.42","1:34.77","3:35.66"
"755","23.76","37.53","52.85","1:09.44","1:34.80","3:35.74"
"754","-","37.55","52.87","1:09.46","1:34.84","3:35.82"
"753","23.77","37.56","52.89","1:09.49","1:34.87","3:35.90"
"752","23.78","37.57","52.91","1:09.51","1:34.90","3:35.99"
"751","23.79","37.59","52.93","1:09.54","1:34.93","3:36.07"
"750","23.80","37.60","52.94","1:09.56","1:34.97","3:36.15"
"749","-","37.61","52.96","1:09.59","1:35.00","3:36.23"
"748","23.81","37.63","52.98","1:09.61","1:35.03","3:36.32"
"747","23.82","37.64","53.00","1:09.63","1:35.06","3:36.40"
"746","23.83","37.65","53.02","1:09.66","1:35.10","3:36.48"
"745","23.84","37.67","53.04","1:09.68","1:35.13","3:36.56"
"744","23.85","37.68","53.06","1:09.71","1:35.16","3:36.65"
"743","-","37.69","53.07","1:09.73","1:35.20","3:36.73"
"742","23.86","37.71","53.09","1:09.76","1:35.23","3:36.81"
"741","23.87","37.72","53.11","1:09.78","1:35.26","3:36.90"
"740","23.88","37.74","53.13","1:09.80","1:35.29","3:36.98"
"739","23.89","37.75","53.15","1:09.83","1:35.33","3:37.06"
"738","-","37.76","53.17","1:09.85","1:35.36","3:37.15"
"737","23.90","37.78","53.19","1:09.88","1:35.39","3:37.23"
"736","23.91","37.79","53.20","1:09.90","1:35.43","3:37.31"
"735","23.92","37.80","53.22","1:09.93","1:35.46","3:37.40"
"734","23.93","37.82","53.24","1:09.95","1:35.49","3:37.48"
"733","23.94","37.83","53.26","1:09.98","1:35.52","3:37.56"
"732","-","37.85","53.28","1:10.00","1:35.56","3:37.65"
"731","23.95","37.86","53.30","1:10.03","1:35.59","3:37.73"
"730","23.96","37.87","53.32","1:10.05","1:35.62","3:37.81"
"729","23.97","37.89","53.33","1:10.07","1:35.66","3:37.90"
"728","23.98","37.90","53.35","1:10.10","1:35.69","3:37.98"
"727","-","37.91","53.37","1:10.12","1:35.72","3:38.06"
"726","23.99","37.93","53.39","1:10.15","1:35.76","3:38.15"
"725","24.00","37.94","53.41","1:10.17","1:35.79","3:38.23"
"724","24.01","37.96","53.43","1:10.20","1:35.82","3:38.32"
"723","24.02","37.97","53.45","1:10.22","1:35.86","3:38.40"
"722","24.03","37.98","53.47","1:10.25","1:35.89","3:38.48"
"721","-","38.00","53.48","1:10.27","1:35.92","3:38.57"
"720","24.04","38.01","53.50","1:10.30","1:35.96","3:38.65"
"719","24.05","38.03","53.52","1:10.32","1:35.99","3:38.74"
"718","24.06","38.04","53.54","1:10.35","1:36.02","3:38.82"
"717","24.07","38.05","53.56","1:10.37","1:36.06","3:38.91"
"716","24.08","38.07","53.58","1:10.40","1:36.09","3:38.99"
"715","-","38.08","53.60","1:10.42","1:36.12","3:39.07"
"714","24.09","38.10","53.62","1:10.45","1:36.16","3:39.16"
"713","24.10","38.11","53.64","1:10.47","1:36.19","3:39.24"
"712","24.11","38.12","53.65","1:10.50","1:36.22","3:39.33"
"711","24.12","38.14","53.67","1:10.52","1:36.26","3:39.41"
"710","24.13","38.15","53.69","1:10.55","1:36.29","3:39.50"
"709","-","38.16","53.71","1:10.57","1:36.32","3:39.58"
"708","24.14","38.18","53.73","1:10.60","1:36.36","3:39.67"
"707","24.15","38.19","53.75","1:10.62","1:36.39","3:39.75"
"706","24.16","38.21","53.77","1:10.65","1:36.43","3:39.84"
"705","24.17","38.22","53.79","1:10.67","1:36.46","3:39.92"
"704","24.18","38.23","53.81","1:10.70","1:36.49","3:40.01"
"703","-","38.25","53.83","1:10.72","1:36.53","3:40.09"
"702","24.19","38.26","53.84","1:10.75","1:36.56","3:40.18"
"701","24.20","38.28","53.86","1:10.77","1:36.59","3:40.26"
"700","24.21","38.29","53.88","1:10.80","1:36.63","3:40.35"
"699","24.22","38.31","53.90","1:10.82","1:36.66","3:40.44"
"698","24.23","38.32","53.92","1:10.85","1:36.70","3:40.52"
"697","24.24","38.33","53.94","1:10.87","1:36.73","3:40.61"
"696","-","38.35","53.96","1:10.90","1:36.76","3:40.69"
"695","24.25","38.36","53.98","1:10.92","1:36.80","3:40.78"
"694","24.26","38.38","54.00","1:10.95","1:36.83","3:40.86"
"693","24.27","38.39","54.02","1:10.97","1:36.87","3:40.95"
"692","24.28","38.40","54.04","1:11.00","1:36.90","3:41.04"
"691","24.29","38.42","54.05","1:11.02","1:36.93","3:41.12"
"690","-","38.43","54.07","1:11.05","1:36.97","3:41.21"
"689","24.30","38.45","54.09","1:11.07","1:37.00","3:41.29"
"688","24.31","38.46","54.11","1:11.10","1:37.04","3:41.38"
"687","24.32","38.47","54.13","1:11.12","1:37.07","3:41.47"
"686","24.33","38.49","54.15","1:11.15","1:37.10","3:41.55"
"685","24.34","38.50","54.17","1:11.18","1:37.14","3:41.64"
"684","24.35","38.52","54.19","1:11.20","1:37.17","3:41.73"
"683","-","38.53","54.21","1:11.23","1:37.21","3:41.81"
"682","24.36","38.55","54.23","1:11.25","1:37.24","3:41.90"
"681","24.37","38.56","54.25","1:11.28","1:37.28","3:41.98"
"680","24.38","38.57","54.27","1:11.30","1:37.31","3:42.07"
"679","24.39","38.59","54.29","1:11.33","1:37.34","3:42.16"
"678","24.40","38.60","54.31","1:11.35","1:37.38","3:42.25"
"677","24.41","38.62","54.33","1:11.38","1:37.41","3:42.33"
"676","-","38.63","54.34","1:11.41","1:37.45","3:42.42"
"675","24.42","38.65","54.36","1:11.43","1:37.48","3:42.51"
"674","24.43","38.66","54.38","1:11.46","1:37.52","3:42.59"
"673","24.44","38.67","54.40","1:11.48","1:37.55","3:42.68"
"672","24.45","38.69","54.42","1:11.51","1:37.59","3:42.77"
"671","24.46","38.70","54.44","1:11.53","1:37.62","3:42.85"
"670","24.47","38.72","54.46","1:11.56","1:37.65","3:42.94"
"669","-","38.73","54.48","1:11.58","1:37.69","3:43.03"
"668","24.48","38.75","54.50","1:11.61","1:37.72","3:43.12"
"667","24.49","38.76","54.52","1:11.64","1:37.76","3:43.20"
"666","24.50","38.78","54.54","1:11.66","1:37.79","3:43.29"
"665","24.51","38.79","54.56","1:11.69","1:37.83","3:43.38"
"664","24.52","38.80","54.58","1:11.71","1:37.86","3:43.47"
"663","24.53","38.82","54.60","1:11.74","1:37.90","3:43.55"
"662","-","38.83","54.62","1:11.77","1:37.93","3:43.64"
"661","24.54","38.85","54.64","1:11.79","1:37.97","3:43.73"
"660","24.55","38.86","54.66","1:11.82","1:38.00","3:43.82"
"659","24.56","38.88","54.68","1:11.84","1:38.04","3:43.91"
"658","24.57","38.89","54.70","1:11.87","1:38.07","3:43.99"
"657","24.58","38.91","54.72","1:11.89","1:38.11","3:44.08"
"656","24.59","38.92","54.74","1:11.92","1:38.14","3:44.17"
"655","-","38.94","54.76","1:11.95","1:38.18","3:44.26"
"654","24.60","38.95","54.78","1:11.97","1:38.21","3:44.35"
"653","24.61","38.96","54.79","1:12.00","1:38.25","3:44.44"
"652","24.62","38.98","54.81","1:12.02","1:38.28","3:44.52"
"651","24.63","38.99","54.83","1:12.05","1:38.32","3:44.61"
"650","24.64","39.01","54.85","1:12.08","1:38.35","3:44.70"
"649","24.65","39.02","54.87","1:12.10","1:38.39","3:44.79"
"648","24.66","39.04","54.89","1:12.13","1:38.42","3:44.88"
"647","-","39.05","54.91","1:12.16","1:38.46","3:44.97"
"646","24.67","39.07","54.93","1:12.18","1:38.49","3:45.06"
"645","24.68","39.08","54.95","1:12.21","1:38.53","3:45.15"
"644","24.69","39.10","54.97","1:12.23","1:38.56","3:45.24"
"643","24.70","39.11","54.99","1:12.26","1:38.60","3:45.32"
"642","24.71","39.13","55.01","1:12.29","1:38.63","3:45.41"
"641","24.72","39.14","55.03","1:12.31","1:38.67","3:45.50"
"640","24.73","39.15","55.05","1:12.34","1:38.70","3:45.59"
"639","24.74","39.17","55.07","1:12.37","1:38.74","3:45.68"
"638","-","39.18","55.09","1:12.39","1:38.77","3:45.77"
"637","24.75","39.20","55.11","1:12.42","1:38.81","3:45.86"
"636","24.76","39.21","55.13","1:12.44","1:38.85","3:45.95"
"635","24.77","39.23","55.15","1:12.47","1:38.88","3:46.04"
"634","24.78","39.24","55.17","1:12.50","1:38.92","3:46.13"
"633","24.79","39.26","55.19","1:12.52","1:38.95","3:46.22"
"632","24.80","39.27","55.21","1:12.55","1:38.99","3:46.31"
"631","24.81","39.29","55.23","1:12.58","1:39.02","3:46.40"
"630","-","39.30","55.25","1:12.60","1:39.06","3:46.49"
"629","24.82","39.32","55.27","1:12.63","1:39.09","3:46.58"
"628","24.83","39.33","55.29","1:12.66","1:39.13","3:46.67"
"627","24.84","39.35","55.31","1:12.68","1:39.17","3:46.76"
"626","24.85","39.36","55.33","1:12.71","1:39.20","3:46.85"
"625","24.86","39.38","55.35","1:12.74","1:39.24","3:46.94"
"624","24.87","39.39","55.37","1:12.76","1:39.27","3:47.03"
"623","24.88","39.41","55.39","1:12.79","1:39.31","3:47.12"
"622","24.89","39.42","55.41","1:12.82","1:39.35","3:47.21"
"621","-","39.44","55.43","1:12.84","1:39.38","3:47.30"
"620","24.90","39.45","55.46","1:12.87","1:39.42","3:47.39"
"619","24.91","39.47","55.48","1:12.90","1:39.45","3:47.49"
"618","24.92","39.48","55.50","1:12.92","1:39.49","3:47.58"
"617","24.93","39.50","55.52","1:12.95","1:39.53","3:47.67"
"616","24.94","39.51","55.54","1:12.98","1:39.56","3:47.76"
"615","24.95","39.53","55.56","1:13.00","1:39.60","3:47.85"
"614","24.96","39.54","55.58","1:13.03","1:39.63","3:47.94"
"613","24.97","39.56","55.60","1:13.06","1:39.67","3:48.03"
"612","24.98","39.57","55.62","1:13.08","1:39.71","3:48.12"
"611","-","39.59","55.64","1:13.11","1:39.74","3:48.21"
"610","24.99","39.60","55.66","1:13.14","1:39.78","3:48.31"
"609","25.00","39.62","55.68","1:13.16","1:39.81","3:48.40"
"608","25.01","39.63","55.70","1:13.19","1:39.85","3:48.49"
"607","25.02","39.65","55.72","1:13.22","1:39.89","3:48.58"
"606","25.03","39.66","55.74","1:13.24","1:39.92","3:48.67"
"605","25.04","39.68","55.76","1:13.27","1:39.96","3:48.76"
"604","25.05","39.69","55.78","1:13.30","1:40.00","3:48.86"
"603","25.06","39.71","55.80","1:13.33","1:40.03","3:48.95"
"602","25.07","39.72","55.82","1:13.35","1:40.07","3:49.04"
"601","25.08","39.74","55.84","1:13.38","1:40.11","3:49.13"
"600","-","39.75","55.86","1:13.41","1:40.14","3:49.23"
"599","25.09","39.77","55.88","1:13.43","1:40.18","3:49.32"
"598","25.10","39.78","55.91","1:13.46","1:40.22","3:49.41"
"597","25.11","39.80","55.93","1:13.49","1:40.25","3:49.50"
"596","25.12","39.81","55.95","1:13.52","1:40.29","3:49.60"
"595","25.13","39.83","55.97","1:13.54","1:40.33","3:49.69"
"594","25.14","39.84","55.99","1:13.57","1:40.36","3:49.78"
"593","25.15","39.86","56.01","1:13.60","1:40.40","3:49.87"
"592","25.16","39.87","56.03","1:13.63","1:40.44","3:49.97"
"591","25.17","39.89","56.05","1:13.65","1:40.47","3:50.06"
"590","25.18","39.91","56.07","1:13.68","1:40.51","3:50.15"
"589","-","39.92","56.09","1:13.71","1:40.55","3:50.25"
"588","25.19","39.94","56.11","1:13.73","1:40.58","3:50.34"
"587","25.20","39.95","56.13","1:13.76","1:40.62","3:50.43"
"586","25.21","39.97","56.15","1:13.79","1:40.66","3:50.53"
"585","25.22","39.98","56.18","1:13.82","1:40.69","3:50.62"
"584","25.23","40.00","56.20","1:13.84","1:40.73","3:50.71"
"583","25.24","40.01","56.22","1:13.87","1:40.77","3:50.81"
"582","25.25","40.03","56.24","1:13.90","1:40.80","3:50.90"
"581","25.26","40.04","56.26","1:13.93","1:40.84","3:50.99"
"580","25.27","40.06","56.28","1:13.96","1:40.88","3:51.09"
"579","25.28","40.07","56.30","1:13.98","1:40.92","3:51.18"
"578","25.29","40.09","56.32","1:14.01","1:40.95","3:51.27"
"577","25.30","40.11","56.34","1:14.04","1:40.99","3:51.37"
"576","-","40.12","56.36","1:14.07","1:41.03","3:51.46"
"575","25.31","40.14","56.38","1:14.09","1:41.07","3:51.56"
"574","25.32","40.15","56.41","1:14.12","1:41.10","3:51.65"
"573","25.33","40.17","56.43","1:14.15","1:41.14","3:51.75"
"572","25.34","40.18","56.45","1:14.18","1:41.18","3:51.84"
"571","25.35","40.20","56.47","1:14.20","1:41.22","3:51.94"
"570","25.36","40.21","56.49","1:14.23","1:41.25","3:52.03"
"569","25.37","40.23","56.51","1:14.26","1:41.29","3:52.12"
"568","25.38","40.25","56.53","1:14.29","1:41.33","3:52.22"
"567","25.39","40.26","56.55","1:14.32","1:41.37","3:52.31"
"566","25.40","40.28","56.57","1:14.34","1:41.40","3:52.41"
"565","25.41","40.29","56.60","1:14.37","1:41.44","3:52.50"
"564","25.42","40.31","56.62","1:14.40","1:41.48","3:52.60"
"563","25.43","40.32","56.64","1:14.43","1:41.52","3:52.69"
"562","25.44","40.34","56.66","1:14.46","1:41.55","3:52.79"
"561","-","40.36","56.68","1:14.48","1:41.59","3:52.89"
"560","25.45","40.37","56.70","1:14.51","1:41.63","3:52.98"
"559","25.46","40.39","56.72","1:14.54","1:41.67","3:53.08"
"558","25.47","40.40","56.75","1:14.57","1:41.70","3:53.17"
"557","25.48","40.42","56.77","1:14.60","1:41.74","3:53.27"
"556","25.49","40.43","56.79","1:14.63","1:41.78","3:53.36"
"555","25.50","40.45","56.81","1:14.65","1:41.82","3:53.46"
"554","25.51","40.47","56.83","1:14.68","1:41.86","3:53.56"
"553","25.52","40.48","56.85","1:14.71","1:41.89","3:53.65"
"552","25.53","40.50","56.87","1:14.74","1:41.93","3:53.75"
"551","25.54","40.51","56.90","1:14.77","1:41.97","3:53.84"
"550","25.55","40.53","56.92","1:14.79","1:42.01","3:53.94"
"549","25.56","40.55","56.94","1:14.82","1:42.05","3:54.04"
"548","25.57","40.56","56.96","1:14.85","1:42.09","3:54.13"
"547","25.58","40.58","56.98","1:14.88","1:42.12","3:54.23"
"546","25.59","40.59","57.00","1:14.91","1:42.16","3:54.33"
"545","25.60","40.61","57.02","1:14.94","1:42.20","3:54.42"
"544","25.61","40.62","57.05","1:14.97","1:42.24","3:54.52"
"543","25.62","40.64","57.07","1:14.99","1:42.28","3:54.62"
"542","-","40.66","57.09","1:15.02","1:42.32","3:54.72"
"541","25.63","40.67","57.11","1:15.05","1:42.35","3:54.81"
"540","25.64","40.69","57.13","1:15.08","1:42.39","3:54.91"
"539","25.65","40.70","57.15","1:15.11","1:42.43","3:55.01"
"538","25.66","40.72","57.18","1:15.14","1:42.47","3:55.10"
"537","25.67","40.74","57.20","1:15.17","1:42.51","3:55.20"
"536","25.68","40.75","57.22","1:15.19","1:42.55","3:55.30"
"535","25.69","40.77","57.24","1:15.22","1:42.59","3:55.40"
"534","25.70","40.79","57.26","1:15.25","1:42.62","3:55.50"
"533","25.71","40.80","57.29","1:15.28","1:42.66","3:55.59"
"532","25.72","40.82","57.31","1:15.31","1:42.70","3:55.69"
"531","25.73","40.83","57.33","1:15.34","1:42.74","3:55.79"
"530","25.74","40.85","57.35","1:15.37","1:42.78","3:55.89"
"529","25.75","40.87","57.37","1:15.40","1:42.82","3:55.99"
"528","25.76","40.88","57.40","1:15.43","1:42.86","3:56.08"
"527","25.77","40.90","57.42","1:15.45","1:42.90","3:56.18"
"526","25.78","40.91","57.44","1:15.48","1:42.94","3:56.28"
"525","25.79","40.93","57.46","1:15.51","1:42.97","3:56.38"
"524","25.80","40.95","57.48","1:15.54","1:43.01","3:56.48"
"523","25.81","40.96","57.51","1:15.57","1:43.05","3:56.58"
"522","25.82","40.98","57.53","1:15.60","1:43.09","3:56.68"
"521","25.83","41.00","57.55","1:15.63","1:43.13","3:56.77"
"520","25.84","41.01","57.57","1:15.66","1:43.17","3:56.87"
"519","25.85","41.03","57.59","1:15.69","1:43.21","3:56.97"
"518","25.86","41.05","57.62","1:15.72","1:43.25","3:57.07"
"517","25.87","41.06","57.64","1:15.75","1:43.29","3:57.17"
"516","25.88","41.08","57.66","1:15.77","1:43.33","3:57.27"
"515","25.89","41.09","57.68","1:15.80","1:43.37","3:57.37"
"514","25.90","41.11","57.70","1:15.83","1:43.41","3:57.47"
"513","25.91","41.13","57.73","1:15.86","1:43.45","3:57.57"
"512","25.92","41.14","57.75","1:15.89","1:43.49","3:57.67"
"511","25.93","41.16","57.77","1:15.92","1:43.53","3:57.77"
"510","25.94","41.18","57.79","1:15.95","1:43.56","3:57.87"
"509","25.95","41.19","57.82","1:15.98","1:43.60","3:57.97"
"508","25.96","41.21","57.84","1:16.01","1:43.64","3:58.07"
"507","25.97","41.23","57.86","1:16.04","1:43.68","3:58.17"
"506","25.98","41.24","57.88","1:16.07","1:43.72","3:58.27"
"505","25.99","41.26","57.91","1:16.10","1:43.76","3:58.37"
"504","26.00","41.28","57.93","1:16.13","1:43.80","3:58.47"
"503","-","41.29","57.95","1:16.16","1:43.84","3:58.57"
"502","26.01","41.31","57.97","1:16.19","1:43.88","3:58.67"
"501","26.02","41.33","58.00","1:16.22","1:43.92","3:58.78"
"500","26.03","41.34","58.02","1:16.25","1:43.96","3:58.88"
"499","26.04","41.36","58.04","1:16.28","1:44.00","3:58.98"
"498","26.05","41.38","58.06","1:16.31","1:44.04","3:59.08"
"497","26.06","41.39","58.09","1:16.34","1:44.08","3:59.18"
"496","26.07","41.41","58.11","1:16.37","1:44.12","3:59.28"
"495","26.08","41.43","58.13","1:16.40","1:44.16","3:59.38"
"494","26.09","41.44","58.15","1:16.43","1:44.20","3:59.49"
"493","26.10","41.46","58.18","1:16.46","1:44.24","3:59.59"
"492","26.11","41.48","58.20","1:16.49","1:44.28","3:59.69"
"491","26.12","41.49","58.22","1:16.52","1:44.32","3:59.79"
"490","26.13","41.51","58.25","1:16.55","1:44.37","3:59.89"
"489","26.14","41.53","58.27","1:16.58","1:44.41","4:00.00"
"488","26.16","41.54","58.29","1:16.61","1:44.45","4:00.10"
"487","26.17","41.56","58.31","1:16.64","1:44.49","4:00.20"
"486","26.18","41.58","58.34","1:16.67","1:44.53","4:00.30"
"485","26.19","41.59","58.36","1:16.70","1:44.57","4:00.40"
"484","26.20","41.61","58.38","1:16.73","1:44.61","4:00.51"
"483","26.21","41.63","58.41","1:16.76","1:44.65","4:00.61"
"482","26.22","41.64","58.43","1:16.79","1:44.69","4:00.71"
"481","26.23","41.66","58.45","1:16.82","1:44.73","4:00.82"
"480","26.24","41.68","58.47","1:16.85","1:44.77","4:00.92"
"479","26.25","41.70","58.50","1:16.88","1:44.81","4:01.02"
"478","26.26","41.71","58.52","1:16.91","1:44.85","4:01.13"
"477","26.27","41.73","58.54","1:16.94","1:44.89","4:01.23"
"476","26.28","41.75","58.57","1:16.97","1:44.94","4:01.33"
"475","26.29","41.76","58.59","1:17.00","1:44.98","4:01.44"
"474","26.30","41.78","58.61","1:17.03","1:45.02","4:01.54"
"473","26.31","41.80","58.64","1:17.06","1:45.06","4:01.64"
"472","26.32","41.82","58.66","1:17.09","1:45.10","4:01.75"
"471","26.33","41.83","58.68","1:17.12","1:45.14","4:01.85"
"470","26.34","41.85","58.71","1:17.15","1:45.18","4:01.96"
"469","26.35","41.87","58.73","1:17.18","1:45.22","4:02.06"
"468","26.36","41.88","58.75","1:17.21","1:45.27","4:02.17"
"467","26.37","41.90","58.78","1:17.25","1:45.31","4:02.27"
"466","26.38","41.92","58.80","1:17.28","1:45.35","4:02.38"
"465","26.39","41.94","58.82","1:17.31","1:45.39","4:02.48"
"464","26.40","41.95","58.85","1:17.34","1:45.43","4:02.58"
"463","26.41","41.97","58.87","1:17.37","1:45.47","4:02.69"
"462","26.42","41.99","58.89","1:17.40","1:45.51","4:02.79"
"461","26.43","42.00","58.92","1:17.43","1:45.56","4:02.90"
"460","26.44","42.02","58.94","1:17.46","1:45.60","4:03.01"
"459","26.45","42.04","58.96","1:17.49","1:45.64","4:03.11"
"458","26.46","42.06","58.99","1:17.52","1:45.68","4:03.22"
"457","26.47","42.07","59.01","1:17.55","1:45.72","4:03.32"
"456","26.48","42.09","59.04","1:17.59","1:45.76","4:03.43"
"455","26.49","42.11","59.06","1:17.62","1:45.81","4:03.53"
"454","26.50","42.13","59.08","1:17.65","1:45.85","4:03.64"
"453","26.51","42.14","59.11","1:17.68","1:45.89","4:03.75"
"452","26.52","42.16","59.13","1:17.71","1:45.93","4:03.85"
"451","26.54","42.18","59.15","1:17.74","1:45.98","4:03.96"
"450","26.55","42.20","59.18","1:17.77","1:46.02","4:04.07"
"449","26.56","42.21","59.20","1:17.80","1:46.06","4:04.17"
"448","26.57","42.23","59.23","1:17.84","1:46.10","4:04.28"
"447","26.58","42.25","59.25","1:17.87","1:46.14","4:04.39"
"446","26.59","42.27","59.27","1:17.90","1:46.19","4:04.49"
"445","26.60","42.28","59.30","1:17.93","1:46.23","4:04.60"
"444","26.61","42.30","59.32","1:17.96","1:46.27","4:04.71"
"443","26.62","42.32","59.34","1:17.99","1:46.31","4:04.81"
"442","26.63","42.34","59.37","1:18.03","1:46.36","4:04.92"
"441","26.64","42.36","59.39","1:18.06","1:46.40","4:05.03"
"440","26.65","42.37","59.42","1:18.09","1:46.44","4:05.14"
"439","26.66","42.39","59.44","1:18.12","1:46.48","4:05.25"
"438","26.67","42.41","59.46","1:18.15","1:46.53","4:05.35"
"437","26.68","42.43","59.49","1:18.18","1:46.57","4:05.46"
"436","26.69","42.44","59.51","1:18.22","1:46.61","4:05.57"
"435","26.70","42.46","59.54","1:18.25","1:46.66","4:05.68"
"434","26.72","42.48","59.56","1:18.28","1:46.70","4:05.79"
"433","26.73","42.50","59.59","1:18.31","1:46.74","4:05.90"
"432","26.74","42.52","59.61","1:18.34","1:46.78","4:06.00"
"431","26.75","42.53","59.63","1:18.38","1:46.83","4:06.11"
"430","26.76","42.55","59.66","1:18.41","1:46.87","4:06.22"
"429","26.77","42.57","59.68","1:18.44","1:46.91","4:06.33"
"428","26.78","42.59","59.71","1:18.47","1:46.96","4:06.44"
"427","26.79","42.61","59.73","1:18.50","1:47.00","4:06.55"
"426","26.80","42.62","59.76","1:18.54","1:47.04","4:06.66"
"425","26.81","42.64","59.78","1:18.57","1:47.09","4:06.77"
"424","26.82","42.66","59.81","1:18.60","1:47.13","4:06.88"
"423","26.83","42.68","59.83","1:18.63","1:47.17","4:06.99"
"422","26.84","42.70","59.85","1:18.67","1:47.22","4:07.10"
"421","26.86","42.71","59.88","1:18.70","1:47.26","4:07.21"
"420","26.87","42.73","59.90","1:18.73","1:47.31","4:07.32"
"419","26.88","42.75","59.93","1:18.76","1:47.35","4:07.43"
"418","26.89","42.77","59.95","1:18.80","1:47.39","4:07.54"
"417","26.90","42.79","59.98","1:18.83","1:47.44","4:07.65"
"416","26.91","42.81","1:00.00","1:18.86","1:47.48","4:07.76"
"415","26.92","42.82","1:00.03","1:18.89","1:47.52","4:07.87"
"414","26.93","42.84","1:00.05","1:18.93","1:47.57","4:07.98"
"413","26.94","42.86","1:00.08","1:18.96","1:47.61","4:08.09"
"412","26.95","42.88","1:00.10","1:18.99","1:47.66","4:08.21"
"411","26.96","42.90","1:00.13","1:19.02","1:47.70","4:08.32"
"410","26.98","42.92","1:00.15","1:19.06","1:47.74","4:08.43"
"409","26.99","42.93","1:00.18","1:19.09","1:47.79","4:08.54"
"408","27.00","42.95","1:00.20","1:19.12","1:47.83","4:08.65"
"407","27.01","42.97","1:00.23","1:19.16","1:47.88","4:08.76"
"406","27.02","42.99","1:00.25","1:19.19","1:47.92","4:08.88"
"405","27.03","43.01","1:00.28","1:19.22","1:47.97","4:08.99"
"404","27.04","43.03","1:00.30","1:19.25","1:48.01","4:09.10"
"403","27.05","43.04","1:00.33","1:19.29","1:48.06","4:09.21"
"402","27.06","43.06","1:00.35","1:19.32","1:48.10","4:09.33"
"401","27.08","43.08","1:00.38","1:19.35","1:48.14","4:09.44"
"400","27.09","43.10","1:00.40","1:19.39","1:48.19","4:09.55"
"399","27.10","43.12","1:00.43","1:19.42","1:48.23","4:09.66"
"398","27.11","43.14","1:00.45","1:19.45","1:48.28","4:09.78"
"397","27.12","43.16","1:00.48","1:19.49","1:48.32","4:09.89"
"396","27.13","43.17","1:00.50","1:19.52","1:48.37","4:10.01"
"395","27.14","43.19","1:00.53","1:19.55","1:48.41","4:10.12"
"394","27.15","43.21","1:00.55","1:19.59","1:48.46","4:10.23"
"393","27.16","43.23","1:00.58","1:19.62","1:48.50","4:10.35"
"392","27.18","43.25","1:00.61","1:19.65","1:48.55","4:10.46"
"391","27.19","43.27","1:00.63","1:19.69","1:48.59","4:10.58"
"390","27.20","43.29","1:00.66","1:19.72","1:48.64","4:10.69"
"389","27.21","43.31","1:00.68","1:19.76","1:48.69","4:10.80"
"388","27.22","43.33","1:00.71","1:19.79","1:48.73","4:10.92"
"387","27.23","43.34","1:00.73","1:19.82","1:48.78","4:11.03"
"386","27.24","43.36","1:00.76","1:19.86","1:48.82","4:11.15"
"385","27.25","43.38","1:00.78","1:19.89","1:48.87","4:11.26"
"384","27.27","43.40","1:00.81","1:19.92","1:48.91","4:11.38"
"383","27.28","43.42","1:00.84","1:19.96","1:48.96","4:11.49"
"382","27.29","43.44","1:00.86","1:19.99","1:49.00","4:11.61"
"381","27.30","43.46","1:00.89","1:20.03","1:49.05","4:11.73"
"380","27.31","43.48","1:00.91","1:20.06","1:49.10","4:11.84"
"379","27.32","43.50","1:00.94","1:20.10","1:49.14","4:11.96"
"378","27.33","43.52","1:00.97","1:20.13","1:49.19","4:12.07"
"377","27.35","43.53","1:00.99","1:20.16","1:49.23","4:12.19"
"376","27.36","43.55","1:01.02","1:20.20","1:49.28","4:12.31"
"375","27.37","43.57","1:01.04","1:20.23","1:49.33","4:12.42"
"374","27.38","43.59","1:01.07","1:20.27","1:49.37","4:12.54"
"373","27.39","43.61","1:01.10","1:20.30","1:49.42","4:12.66"
"372","27.40","43.63","1:01.12","1:20.34","1:49.47","4:12.77"
"371","27.42","43.65","1:01.15","1:20.37","1:49.51","4:12.89"
"370","27.43","43.67","1:01.17","1:20.40","1:49.56","4:13.01"
"369","27.44","43.69","1:01.20","1:20.44","1:49.60","4:13.13"
"368","27.45","43.71","1:01.23","1:20.47","1:49.65","4:13.25"
"367","27.46","43.73","1:01.25","1:20.51","1:49.70","4:13.36"
"366","27.47","43.75","1:01.28","1:20.54","1:49.74","4:13.48"
"365","27.48","43.77","1:01.31","1:20.58","1:49.79","4:13.60"
"364","27.50","43.79","1:01.33","1:20.61","1:49.84","4:13.72"
"363","27.51","43.81","1:01.36","1:20.65","1:49.89","4:13.84"
"362","27.52","43.83","1:01.39","1:20.68","1:49.93","4:13.96"
"361","27.53","43.85","1:01.41","1:20.72","1:49.98","4:14.07"
"360","27.54","43.86","1:01.44","1:20.75","1:50.03","4:14.19"
"359","27.56","43.88","1:01.47","1:20.79","1:50.07","4:14.31"
"358","27.57","43.90","1:01.49","1:20.82","1:50.12","4:14.43"
"357","27.58","43.92","1:01.52","1:20.86","1:50.17","4:14.55"
"356","27.59","43.94","1:01.55","1:20.89","1:50.22","4:14.67"
"355","27.60","43.96","1:01.57","1:20.93","1:50.26","4:14.79"
"354","27.61","43.98","1:01.60","1:20.96","1:50.31","4:14.91"
"353","27.63","44.00","1:01.63","1:21.00","1:50.36","4:15.03"
"352","27.64","44.02","1:01.65","1:21.03","1:50.41","4:15.15"
"351","27.65","44.04","1:01.68","1:21.07","1:50.45","4:15.27"
"350","27.66","44.06","1:01.71","1:21.11","1:50.50","4:15.39"
"349","27.67","44.08","1:01.73","1:21.14","1:50.55","4:15.51"
"348","27.69","44.10","1:01.76","1:21.18","1:50.60","4:15.64"
"347","27.70","44.12","1:01.79","1:21.21","1:50.65","4:15.76"
"346","27.71","44.14","1:01.81","1:21.25","1:50.69","4:15.88"
"345","27.72","44.16","1:01.84","1:21.28","1:50.74","4:16.00"
"344","27.73","44.18","1:01.87","1:21.32","1:50.79","4:16.12"
"343","27.75","44.20","1:01.90","1:21.36","1:50.84","4:16.24"
"342","27.76","44.22","1:01.92","1:21.39","1:50.89","4:16.37"
"341","27.77","44.24","1:01.95","1:21.43","1:50.94","4:16.49"
"340","27.78","44.26","1:01.98","1:21.46","1:50.98","4:16.61"
"339","27.79","44.28","1:02.01","1:21.50","1:51.03","4:16.73"
"338","27.81","44.30","1:02.03","1:21.54","1:51.08","4:16.86"
"337","27.82","44.32","1:02.06","1:21.57","1:51.13","4:16.98"
"336","27.83","44.34","1:02.09","1:21.61","1:51.18","4:17.10"
"335","27.84","44.36","1:02.12","1:21.65","1:51.23","4:17.23"
"334","27.85","44.38","1:02.14","1:21.68","1:51.28","4:17.35"
"333","27.87","44.40","1:02.17","1:21.72","1:51.33","4:17.47"
"332","27.88","44.43","1:02.20","1:21.75","1:51.37","4:17.60"
"331","27.89","44.45","1:02.23","1:21.79","1:51.42","4:17.72"
"330","27.90","44.47","1:02.25","1:21.83","1:51.47","4:17.85"
"329","27.92","44.49","1:02.28","1:21.86","1:51.52","4:17.97"
"328","27.93","44.51","1:02.31","1:21.90","1:51.57","4:18.10"
"327","27.94","44.53","1:02.34","1:21.94","1:51.62","4:18.22"
"326","27.95","44.55","1:02.37","1:21.97","1:51.67","4:18.35"
"325","27.96","44.57","1:02.39","1:22.01","1:51.72","4:18.47"
"324","27.98","44.59","1:02.42","1:22.05","1:51.77","4:18.60"
"323","27.99","44.61","1:02.45","1:22.09","1:51.82","4:18.72"
"322","28.00","44.63","1:02.48","1:22.12","1:51.87","4:18.85"
"321","28.01","44.65","1:02.51","1:22.16","1:51.92","4:18.97"
"320","28.03","44.67","1:02.53","1:22.20","1:51.97","4:19.10"
"319","28.04","44.69","1:02.56","1:22.23","1:52.02","4:19.23"
"318","28.05","44.71","1:02.59","1:22.27","1:52.07","4:19.35"
"317","28.06","44.74","1:02.62","1:22.31","1:52.12","4:19.48"
"316","28.08","44.76","1:02.65","1:22.35","1:52.17","4:19.61"
"315","28.09","44.78","1:02.68","1:22.38","1:52.22","4:19.73"
"314","28.10","44.80","1:02.70","1:22.42","1:52.27","4:19.86"
"313","28.11","44.82","1:02.73","1:22.46","1:52.32","4:19.99"
"312","28.13","44.84","1:02.76","1:22.50","1:52.37","4:20.12"
"311","28.14","44.86","1:02.79","1:22.53","1:52.42","4:20.25"
"310","28.15","44.88","1:02.82","1:22.57","1:52.47","4:20.37"
"309","28.16","44.90","1:02.85","1:22.61","1:52.52","4:20.50"
"308","28.18","44.92","1:02.88","1:22.65","1:52.58","4:20.63"
"307","28.19","44.95","1:02.90","1:22.68","1:52.63","4:20.76"
"306","28.20","44.97","1:02.93","1:22.72","1:52.68","4:20.89"
"305","28.22","44.99","1:02.96","1:22.76","1:52.73","4:21.02"
"304","28.23","45.01","1:02.99","1:22.80","1:52.78","4:21.15"
"303","28.24","45.03","1:03.02","1:22.84","1:52.83","4:21.28"
"302","28.25","45.05","1:03.05","1:22.88","1:52.88","4:21.41"
"301","28.27","45.07","1:03.08","1:22.91","1:52.93","4:21.54"
"300","28.28","45.10","1:03.11","1:22.95","1:52.99","4:21.67"
"299","28.29","45.12","1:03.14","1:22.99","1:53.04","4:21.80"
"298","28.31","45.14","1:03.17","1:23.03","1:53.09","4:21.93"
"297","28.32","45.16","1:03.20","1:23.07","1:53.14","4:22.06"
"296","28.33","45.18","1:03.22","1:23.11","1:53.19","4:22.19"
"295","28.34","45.20","1:03.25","1:23.14","1:53.25","4:22.32"
"294","28.36","45.23","1:03.28","1:23.18","1:53.30","4:22.46"
"293","28.37","45.25","1:03.31","1:23.22","1:53.35","4:22.59"
"292","28.38","45.27","1:03.34","1:23.26","1:53.40","4:22.72"
"291","28.40","45.29","1:03.37","1:23.30","1:53.45","4:22.85"
"290","28.41","45.31","1:03.40","1:23.34","1:53.51","4:22.99"
"289","28.42","45.33","1:03.43","1:23.38","1:53.56","4:23.12"
"288","28.44","45.36","1:03.46","1:23.42","1:53.61","4:23.25"
"287","28.45","45.38","1:03.49","1:23.46","1:53.67","4:23.38"
"286","28.46","45.40","1:03.52","1:23.50","1:53.72","4:23.52"
"285","28.48","45.42","1:03.55","1:23.54","1:53.77","4:23.65"
"284","28.49","45.44","1:03.58","1:23.58","1:53.82","4:23.79"
"283","28.50","45.47","1:03.61","1:23.61","1:53.88","4:23.92"
"282","28.51","45.49","1:03.64","1:23.65","1:53.93","4:24.06"
"281","28.53","45.51","1:03.67","1:23.69","1:53.98","4:24.19"
"280","28.54","45.53","1:03.70","1:23.73","1:54.04","4:24.32"
"279","28.55","45.56","1:03.73","1:23.77","1:54.09","4:24.46"
"278","28.57","45.58","1:03.76","1:23.81","1:54.14","4:24.60"
"277","28.58","45.60","1:03.79","1:23.85","1:54.20","4:24.73"
"276","28.59","45.62","1:03.82","1:23.89","1:54.25","4:24.87"
"275","28.61","45.64","1:03.85","1:23.93","1:54.31","4:25.00"
"274","28.62","45.67","1:03.88","1:23.97","1:54.36","4:25.14"
"273","28.64","45.69","1:03.91","1:24.01","1:54.41","4:25.28"
"272","28.65","45.71","1:03.94","1:24.05","1:54.47","4:25.41"
"271","28.66","45.74","1:03.97","1:24.09","1:54.52","4:25.55"
"270","28.68","45.76","1:04.00","1:24.13","1:54.58","4:25.69"
"269","28.69","45.78","1:04.04","1:24.18","1:54.63","4:25.83"
"268","28.70","45.80","1:04.07","1:24.22","1:54.69","4:25.96"
"267","28.72","45.83","1:04.10","1:24.26","1:54.74","4:26.10"
"266","28.73","45.85","1:04.13","1:24.30","1:54.80","4:26.24"
"265","28.74","45.87","1:04.16","1:24.34","1:54.85","4:26.38"
"264","28.76","45.89","1:04.19","1:24.38","1:54.91","4:26.52"
"263","28.77","45.92","1:04.22","1:24.42","1:54.96","4:26.66"
"262","28.78","45.94","1:04.25","1:24.46","1:55.02","4:26.80"
"261","28.80","45.96","1:04.28","1:24.50","1:55.07","4:26.94"
"260","28.81","45.99","1:04.32","1:24.54","1:55.13","4:27.08"
"259","28.83","46.01","1:04.35","1:24.58","1:55.18","4:27.22"
"258","28.84","46.03","1:04.38","1:24.63","1:55.24","4:27.36"
"257","28.85","46.06","1:04.41","1:24.67","1:55.29","4:27.50"
"256","28.87","46.08","1:04.44","1:24.71","1:55.35","4:27.64"
"255","28.88","46.10","1:04.47","1:24.75","1:55.41","4:27.78"
"254","28.90","46.13","1:04.50","1:24.79","1:55.46","4:27.92"
"253","28.91","46.15","1:04.54","1:24.83","1:55.52","4:28.07"
"252","28.92","46.17","1:04.57","1:24.88","1:55.58","4:28.21"
"251","28.94","46.20","1:04.60","1:24.92","1:55.63","4:28.35"
"250","28.95","46.22","1:04.63","1:24.96","1:55.69","4:28.49"
"249","28.97","46.24","1:04.66","1:25.00","1:55.74","4:28.64"
"248","28.98","46.27","1:04.70","1:25.04","1:55.80","4:28.78"
"247","28.99","46.29","1:04.73","1:25.09","1:55.86","4:28.92"
"246","29.01","46.31","1:04.76","1:25.13","1:55.92","4:29.07"
"245","29.02","46.34","1:04.79","1:25.17","1:55.97","4:29.21"
"244","29.04","46.36","1:04.82","1:25.21","1:56.03","4:29.36"
"243","29.05","46.39","1:04.86","1:25.26","1:56.09","4:29.50"
"242","29.07","46.41","1:04.89","1:25.30","1:56.14","4:29.65"
"241","29.08","46.43","1:04.92","1:25.34","1:56.20","4:29.79"
"240","29.09","46.46","1:04.95","1:25.38","1:56.26","4:29.94"
"239","29.11","46.48","1:04.99","1:25.43","1:56.32","4:30.08"
"238","29.12","46.51","1:05.02","1:25.47","1:56.38","4:30.23"
"237","29.14","46.53","1:05.05","1:25.51","1:56.43","4:30.38"
"236","29.15","46.55","1:05.08","1:25.56","1:56.49","4:30.52"
"235","29.17","46.58","1:05.12","1:25.60","1:56.55","4:30.67"
"234","29.18","46.60","1:05.15","1:25.64","1:56.61","4:30.82"
"233","29.20","46.63","1:05.18","1:25.69","1:56.67","4:30.97"
"232","29.21","46.65","1:05.22","1:25.73","1:56.73","4:31.12"
"231","29.22","46.68","1:05.25","1:25.77","1:56.78","4:31.26"
"230","29.24","46.70","1:05.28","1:25.82","1:56.84","4:31.41"
"229","29.25","46.73","1:05.32","1:25.86","1:56.90","4:31.56"
"228","29.27","46.75","1:05.35","1:25.91","1:56.96","4:31.71"
"227","29.28","46.77","1:05.38","1:25.95","1:57.02","4:31.86"
"226","29.30","46.80","1:05.42","-","1:57.08","4:32.01"
"225","29.31","46.82","1:05.45","1:26.04","1:57.14","4:32.16"
"224","29.33","46.85","1:05.48","1:26.08","1:57.20","4:32.31"
"223","29.34","46.87","1:05.52","1:26.13","1:57.26","4:32.46"
"222","29.36","46.90","1:05.55","1:26.17","1:57.32","4:32.62"
"221","29.37","46.92","1:05.59","1:26.22","1:57.38","4:32.77"
"220","29.39","46.95","1:05.62","1:26.26","1:57.44","4:32.92"
"219","29.40","46.97","1:05.65","1:26.31","1:57.50","4:33.07"
"218","29.42","47.00","1:05.69","1:26.35","1:57.56","4:33.23"
"217","29.43","47.02","1:05.72","1:26.40","1:57.62","4:33.38"
"216","29.45","47.05","1:05.76","1:26.44","1:57.68","4:33.53"
"215","29.46","47.08","1:05.79","1:26.49","1:57.74","4:33.69"
"214","29.48","47.10","1:05.83","1:26.53","1:57.81","4:33.84"
"213","29.49","47.13","1:05.86","1:26.58","1:57.87","4:34.00"
"212","29.51","47.15","1:05.89","1:26.62","1:57.93","4:34.15"
"211","29.52","47.18","1:05.93","1:26.67","1:57.99","4:34.31"
"210","29.54","47.20","1:05.96","1:26.72","1:58.05","4:34.46"
"209","29.56","47.23","1:06.00","1:26.76","1:58.11","4:34.62"
"208","29.57","47.25","1:06.03","1:26.81","1:58.18","4:34.78"
"207","29.59","47.28","1:06.07","1:26.85","1:58.24","4:34.93"
"206","29.60","47.31","1:06.10","1:26.90","1:58.30","4:35.09"
"205","29.62","47.33","1:06.14","1:26.95","1:58.36","4:35.25"
"204","29.63","47.36","1:06.17","1:26.99","1:58.42","4:35.41"
"203","29.65","47.38","1:06.21","1:27.04","1:58.49","4:35.56"
"202","29.66","47.41","1:06.25","1:27.09","1:58.55","4:35.72"
"201","29.68","47.44","1:06.28","1:27.13","1:58.61","4:35.88"
"200","29.70","47.46","1:06.32","1:27.18","1:58.68","4:36.04"
"199","29.71","47.49","1:06.35","1:27.23","1:58.74","4:36.20"
"198","29.73","47.52","1:06.39","1:27.27","1:58.80","4:36.36"
"197","29.74","47.54","1:06.42","1:27.32","1:58.87","4:36.52"
"196","29.76","47.57","1:06.46","1:27.37","1:58.93","4:36.68"
"195","29.77","47.60","1:06.50","1:27.42","1:59.00","4:36.85"
"194","29.79","47.62","1:06.53","1:27.46","1:59.06","4:37.01"
"193","29.81","47.65","1:06.57","1:27.51","1:59.12","4:37.17"
"192","29.82","47.68","1:06.61","1:27.56","1:59.19","4:37.33"
"191","29.84","47.70","1:06.64","1:27.61","1:59.25","4:37.50"
"190","29.86","47.73","1:06.68","1:27.66","1:59.32","4:37.66"
"189","29.87","47.76","1:06.71","1:27.71","1:59.38","4:37.83"
"188","29.89","47.78","1:06.75","1:27.75","1:59.45","4:37.99"
"187","29.90","47.81","1:06.79","1:27.80","1:59.51","4:38.16"
"186","29.92","47.84","1:06.83","1:27.85","1:59.58","4:38.32"
"185","29.94","47.87","1:06.86","1:27.90","1:59.64","4:38.49"
"184","29.95","47.89","1:06.90","1:27.95","1:59.71","4:38.65"
"183","29.97","47.92","1:06.94","1:28.00","1:59.78","4:38.82"
"182","29.99","47.95","1:06.97","1:28.05","1:59.84","4:38.99"
"181","30.00","47.98","1:07.01","1:28.10","1:59.91","4:39.16"
"180","30.02","48.00","1:07.05","1:28.15","1:59.98","4:39.32"
"179","30.04","48.03","1:07.09","1:28.20","2:00.04","4:39.49"
"178","30.05","48.06","1:07.12","1:28.25","2:00.11","4:39.66"
"177","30.07","48.09","1:07.16","1:28.30","2:00.18","4:39.83"
"176","30.09","48.11","1:07.20","1:28.35","2:00.24","4:40.00"
"175","30.10","48.14","1:07.24","1:28.40","2:00.31","4:40.17"
"174","30.12","48.17","1:07.28","1:28.45","2:00.38","4:40.34"
"173","30.14","48.20","1:07.32","1:28.50","2:00.45","4:40.52"
"172","30.15","48.23","1:07.35","1:28.55","2:00.52","4:40.69"
"171","30.17","48.26","1:07.39","1:28.60","2:00.58","4:40.86"
"170","30.19","48.28","1:07.43","1:28.65","2:00.65","4:41.03"
"169","30.20","48.31","1:07.47","1:28.70","2:00.72","4:41.21"
"168","30.22","48.34","1:07.51","1:28.75","2:00.79","4:41.38"
"167","30.24","48.37","1:07.55","1:28.80","2:00.86","4:41.56"
"166","30.26","48.40","1:07.59","1:28.85","2:00.93","4:41.73"
"165","30.27","48.43","1:07.63","1:28.91","2:01.00","4:41.91"
"164","30.29","48.46","1:07.67","1:28.96","2:01.07","4:42.08"
"163","30.31","48.49","1:07.70","1:29.01","2:01.14","4:42.26"
"162","30.33","48.52","1:07.74","1:29.06","2:01.21","4:42.44"
"161","30.34","48.55","1:07.78","1:29.11","2:01.28","4:42.62"
"160","30.36","48.57","1:07.82","1:29.17","2:01.35","4:42.79"
"159","30.38","48.60","1:07.86","1:29.22","2:01.42","4:42.97"
"158","30.40","48.63","1:07.90","1:29.27","2:01.49","4:43.15"
"157","30.41","48.66","1:07.94","1:29.33","2:01.56","4:43.33"
"156","30.43","48.69","1:07.98","1:29.38","2:01.63","4:43.51"
"155","30.45","48.72","1:08.03","1:29.43","2:01.71","4:43.69"
"154","30.47","48.75","1:08.07","1:29.49","2:01.78","4:43.88"
"153","30.49","48.78","1:08.11","1:29.54","2:01.85","4:44.06"
"152","30.50","48.81","1:08.15","1:29.59","2:01.92","4:44.24"
"151","30.52","48.84","1:08.19","1:29.65","2:02.00","4:44.43"
"150","30.54","48.87","1:08.23","1:29.70","2:02.07","4:44.61"
"149","30.56","48.90","1:08.27","1:29.76","2:02.14","4:44.80"
"148","30.58","48.93","1:08.31","1:29.81","2:02.22","4:44.98"
"147","30.59","48.97","1:08.35","1:29.86","2:02.29","4:45.17"
"146","30.61","49.00","1:08.40","1:29.92","2:02.36","4:45.35"
"145","30.63","49.03","1:08.44","1:29.98","2:02.44","4:45.54"
"144","30.65","49.06","1:08.48","1:30.03","2:02.51","4:45.73"
"143","30.67","49.09","1:08.52","1:30.09","2:02.59","4:45.92"
"142","30.69","49.12","1:08.56","1:30.14","2:02.66","4:46.11"
"141","30.71","49.15","1:08.61","1:30.20","2:02.74","4:46.30"
"140","30.72","49.18","1:08.65","1:30.25","2:02.81","4:46.49"
"139","30.74","49.21","1:08.69","1:30.31","2:02.89","4:46.68"
"138","30.76","49.25","1:08.73","1:30.37","2:02.96","4:46.87"
"137","30.78","49.28","1:08.78","1:30.42","2:03.04","4:47.06"
"136","30.80","49.31","1:08.82","1:30.48","2:03.12","4:47.26"
"135","30.82","49.34","1:08.86","1:30.54","2:03.19","4:47.45"
"134","30.84","49.37","1:08.91","1:30.59","2:03.27","4:47.65"
"133","30.86","49.41","1:08.95","1:30.65","2:03.35","4:47.84"
"132","30.88","49.44","1:09.00","1:30.71","2:03.43","4:48.04"
"131","30.90","49.47","1:09.04","1:30.77","2:03.50","4:48.24"
"130","30.92","49.50","1:09.08","1:30.83","2:03.58","4:48.43"
"129","30.94","49.54","1:09.13","1:30.88","2:03.66","4:48.63"
"128","30.96","49.57","1:09.17","1:30.94","2:03.74","4:48.83"
"127","30.98","49.60","1:09.22","1:31.00","2:03.82","4:49.03"
"126","31.00","49.64","1:09.26","1:31.06","2:03.90","4:49.23"
"125","31.01","49.67","1:09.31","1:31.12","2:03.98","4:49.44"
"124","31.03","49.70","1:09.35","1:31.18","2:04.06","4:49.64"
"123","31.05","49.74","1:09.40","1:31.24","2:04.14","4:49.84"
"122","31.08","49.77","1:09.44","1:31.30","2:04.22","4:50.05"
"121","31.10","49.80","1:09.49","1:31.36","2:04.30","4:50.25"
"120","31.12","49.84","1:09.53","1:31.42","2:04.38","4:50.46"
"119","31.14","49.87","1:09.58","1:31.48","2:04.47","4:50.66"
"118","31.16","49.91","1:09.63","1:31.54","2:04.55","4:50.87"
"117","31.18","49.94","1:09.67","1:31.60","2:04.63","4:51.08"
"116","31.20","49.97","1:09.72","1:31.67","2:04.71","4:51.29"
"115","31.22","50.01","1:09.77","1:31.73","2:04.80","4:51.50"
"114","31.24","50.04","1:09.82","1:31.79","2:04.88","4:51.71"
"113","31.26","50.08","1:09.86","1:31.85","2:04.96","4:51.92"
"112","31.28","50.11","1:09.91","1:31.92","2:05.05","4:52.14"
"111","31.30","50.15","1:09.96","1:31.98","2:05.13","4:52.35"
"110","31.32","50.18","1:10.01","1:32.04","2:05.22","4:52.57"
"109","31.34","50.22","1:10.05","1:32.11","2:05.30","4:52.78"
"108","31.37","50.26","1:10.10","1:32.17","2:05.39","4:53.00"
"107","31.39","50.29","1:10.15","1:32.23","2:05.48","4:53.22"
"106","31.41","50.33","1:10.20","1:32.30","2:05.56","4:53.44"
"105","31.43","50.36","1:10.25","1:32.36","2:05.65","4:53.66"
"104","31.45","50.40","1:10.30","1:32.43","2:05.74","4:53.88"
"103","31.47","50.44","1:10.35","1:32.49","2:05.83","4:54.10"
"102","31.50","50.47","1:10.40","1:32.56","2:05.91","4:54.32"
"101","31.52","50.51","1:10.45","1:32.62","2:06.00","4:54.55"
"100","31.54","50.55","1:10.50","1:32.69","2:06.09","4:54.77"
"99","31.56","50.58","1:10.55","1:32.76","2:06.18","4:55.00"
"98","31.59","50.62","1:10.60","1:32.82","2:06.27","4:55.23"
"97","31.61","50.66","1:10.65","1:32.89","2:06.36","4:55.46"
"96","31.63","50.70","1:10.70","1:32.96","2:06.45","4:55.69"
"95","31.65","50.74","1:10.75","1:33.03","2:06.55","4:55.92"
"94","31.68","50.77","1:10.81","1:33.10","2:06.64","4:56.15"
"93","31.70","50.81","1:10.86","1:33.17","2:06.73","4:56.38"
"92","31.72","50.85","1:10.91","1:33.23","2:06.82","4:56.62"
"91","31.75","50.89","1:10.96","1:33.30","2:06.92","4:56.86"
"90","31.77","50.93","1:11.02","1:33.37","2:07.01","4:57.09"
"89","31.79","50.97","1:11.07","1:33.44","2:07.11","4:57.33"
"88","31.82","51.01","1:11.12","1:33.51","2:07.20","4:57.57"
"87","31.84","51.05","1:11.18","1:33.59","2:07.30","4:57.82"
"86","31.86","51.09","1:11.23","1:33.66","2:07.39","4:58.06"
"85","31.89","51.13","1:11.29","1:33.73","2:07.49","4:58.30"
"84","31.91","51.17","1:11.34","1:33.80","2:07.59","4:58.55"
"83","31.94","51.21","1:11.40","1:33.87","2:07.68","4:58.80"
"82","31.96","51.25","1:11.45","1:33.95","2:07.78","4:59.05"
"81","31.99","51.29","1:11.51","1:34.02","2:07.88","4:59.30"
"80","32.01","51.33","1:11.56","1:34.10","2:07.98","4:59.55"
"79","32.04","51.38","1:11.62","1:34.17","2:08.08","4:59.80"
"78","32.06","51.42","1:11.68","1:34.25","2:08.18","5:00.06"
"77","32.09","51.46","1:11.74","1:34.32","2:08.29","5:00.31"
"76","32.11","51.50","1:11.79","1:34.40","2:08.39","5:00.57"
"75","32.14","51.55","1:11.85","1:34.47","2:08.49","5:00.83"
"74","32.16","51.59","1:11.91","1:34.55","2:08.59","5:01.09"
"73","32.19","51.63","1:11.97","1:34.63","2:08.70","5:01.36"
"72","32.22","51.68","1:12.03","1:34.71","2:08.80","5:01.62"
"71","32.24","51.72","1:12.09","1:34.79","2:08.91","5:01.89"
"70","32.27","51.76","1:12.15","1:34.86","2:09.02","5:02.16"
"69","32.29","51.81","1:12.21","1:34.94","2:09.12","5:02.43"
"68","32.32","51.85","1:12.27","1:35.02","2:09.23","5:02.70"
"67","32.35","51.90","1:12.33","1:35.11","2:09.34","5:02.98"
"66","32.38","51.94","1:12.39","1:35.19","2:09.45","5:03.26"
"65","32.40","51.99","1:12.46","1:35.27","2:09.56","5:03.54"
"64","32.43","52.04","1:12.52","1:35.35","2:09.67","5:03.82"
"63","32.46","52.08","1:12.58","1:35.44","2:09.79","5:04.10"
"62","32.49","52.13","1:12.65","1:35.52","2:09.90","5:04.39"
"61","32.52","52.18","1:12.71","1:35.60","2:10.01","5:04.68"
"60","32.54","52.23","1:12.77","1:35.69","2:10.13","5:04.97"
"59","32.57","52.27","1:12.84","1:35.78","2:10.24","5:05.26"
"58","32.60","52.32","1:12.91","1:35.86","2:10.36","5:05.56"
"57","32.63","52.37","1:12.97","1:35.95","2:10.48","5:05.85"
"56","32.66","52.42","1:13.04","1:36.04","2:10.60","5:06.15"
"55","32.69","52.47","1:13.11","1:36.13","2:10.72","5:06.46"
"54","32.72","52.52","1:13.18","1:36.22","2:10.84","5:06.76"
"53","32.75","52.57","1:13.24","1:36.31","2:10.96","5:07.07"
"52","32.78","52.62","1:13.31","1:36.40","2:11.09","5:07.39"
"51","32.81","52.68","1:13.38","1:36.49","2:11.21","5:07.70"
"50","32.85","52.73","1:13.46","1:36.59","2:11.34","5:08.02"
"49","32.88","52.78","1:13.53","1:36.68","2:11.46","5:08.34"
"48","32.91","52.84","1:13.60","1:36.78","2:11.59","5:08.66"
"47","32.94","52.89","1:13.67","1:36.87","2:11.72","5:08.99"
"46","32.97","52.94","1:13.75","1:36.97","2:11.85","5:09.32"
"45","33.01","53.00","1:13.82","1:37.07","2:11.99","5:09.66"
"44","33.04","53.05","1:13.90","1:37.17","2:12.12","5:10.00"
"43","33.07","53.11","1:13.97","1:37.27","2:12.26","5:10.34"
"42","33.11","53.17","1:14.05","1:37.37","2:12.39","5:10.69"
"41","33.14","53.23","1:14.13","1:37.48","2:12.53","5:11.04"
"40","33.18","53.28","1:14.21","1:37.58","2:12.67","5:11.39"
"39","33.21","53.34","1:14.29","1:37.69","2:12.81","5:11.75"
"38","33.25","53.40","1:14.37","1:37.79","2:12.96","5:12.12"
"37","33.29","53.46","1:14.45","1:37.90","2:13.11","5:12.49"
"36","33.32","53.53","1:14.54","1:38.01","2:13.25","5:12.86"
"35","33.36","53.59","1:14.62","1:38.12","2:13.40","5:13.24"
"34","33.40","53.65","1:14.71","1:38.24","2:13.56","5:13.63"
"33","33.44","53.72","1:14.80","1:38.35","2:13.71","5:14.02"
"32","33.48","53.78","1:14.88","1:38.47","2:13.87","5:14.41"
"31","33.51","53.85","1:14.97","1:38.59","2:14.03","5:14.82"
"30","33.56","53.92","1:15.06","1:38.71","2:14.19","5:15.23"
"29","33.60","53.98","1:15.16","1:38.83","2:14.35","5:15.64"
"28","33.64","54.05","1:15.25","1:38.96","2:14.52","5:16.07"
"27","33.68","54.13","1:15.35","1:39.08","2:14.69","5:16.50"
"26","33.72","54.20","1:15.45","1:39.21","2:14.87","5:16.94"
"25","33.77","54.27","1:15.55","1:39.34","2:15.04","5:17.38"
"24","33.81","54.35","1:15.65","1:39.48","2:15.22","5:17.84"
"23","33.86","54.42","1:15.75","1:39.61","2:15.41","5:18.31"
"22","33.91","54.50","1:15.86","1:39.75","2:15.60","5:18.78"
"21","33.95","54.58","1:15.97","1:39.90","2:15.79","5:19.27"
"20","34.00","54.66","1:16.08","1:40.05","2:15.99","5:19.77"
"19","34.05","54.75","1:16.19","1:40.20","2:16.19","5:20.28"
"18","34.11","54.84","1:16.31","1:40.35","2:16.40","5:20.81"
"17","34.16","54.92","1:16.43","1:40.51","2:16.61","5:21.35"
"16","34.21","55.02","1:16.56","1:40.67","2:16.83","5:21.91"
"15","34.27","55.11","1:16.68","1:40.84","2:17.06","5:22.48"
"14","34.33","55.21","1:16.82","1:41.02","2:17.30","5:23.07"
"13","34.39","55.31","1:16.95","1:41.20","2:17.54","5:23.69"
"12","34.45","55.42","1:17.10","1:41.39","2:17.79","5:24.33"
"11","34.52","55.52","1:17.25","1:41.58","2:18.06","5:25.00"
"10","34.59","55.64","1:17.40","1:41.79","2:18.33","5:25.69"
"9","34.66","55.76","1:17.57","1:42.00","2:18.62","5:26.43"
"8","34.74","55.89","1:17.74","1:42.23","2:18.93","5:27.20"
"7","34.82","56.02","1:17.92","1:42.48","2:19.26","5:28.03"
"6","34.90","56.17","1:18.12","1:42.74","2:19.61","5:28.92"
"5","35.00","56.33","1:18.34","1:43.02","2:19.99","5:29.88"
"4","35.10","56.51","1:18.58","1:43.33","2:20.41","5:30.95"
"3","35.22","56.71","1:18.85","1:43.69","2:20.89","5:32.16"
"2","35.37","56.94","1:19.17","1:44.11","2:21.46","5:33.60"
"1","35.55","57.25","1:19.59","1:44.66","2:22.20","5:35.47"
