"Points","3km W","5km W","10km W","20km W","30km W","35km W","50km W"
"1400","-","16:08","34:01","1:10:45","1:49:49","2:10:09","3:12:06"
"1399","9:34","-","34:02","1:10:47","1:49:53","2:10:15","3:12:15"
"1398","-","16:09","34:03","1:10:50","1:49:57","2:10:20","3:12:24"
"1397","9:35","-","34:05","1:10:53","1:50:02","2:10:26","3:12:33"
"1396","-","16:10","34:06","1:10:55","1:50:06","2:10:32","3:12:43"
"1395","-","16:11","34:07","1:10:58","1:50:11","2:10:37","3:12:52"
"1394","9:36","-","34:08","1:11:00","1:50:15","2:10:43","3:13:01"
"1393","-","16:12","34:10","1:11:03","1:50:20","2:10:48","3:13:10"
"1392","-","16:13","34:11","1:11:05","1:50:24","2:10:54","3:13:19"
"1391","9:37","-","34:12","1:11:08","1:50:29","2:10:59","3:13:29"
"1390","-","16:14","34:13","1:11:10","1:50:33","2:11:05","3:13:38"
"1389","9:38","16:15","34:15","1:11:13","1:50:38","2:11:11","3:13:47"
"1388","-","-","34:16","1:11:16","1:50:42","2:11:16","3:13:56"
"1387","-","16:16","34:17","1:11:18","1:50:47","2:11:22","3:14:05"
"1386","9:39","16:17","34:19","1:11:21","1:50:51","2:11:27","3:14:15"
"1385","-","-","34:20","1:11:23","1:50:56","2:11:33","3:14:24"
"1384","9:40","16:18","34:21","1:11:26","1:51:00","2:11:39","3:14:33"
"1383","-","-","34:22","1:11:28","1:51:05","2:11:44","3:14:42"
"1382","-","16:19","34:24","1:11:31","1:51:09","2:11:50","3:14:51"
"1381","9:41","16:20","34:25","1:11:34","1:51:14","2:11:55","3:15:01"
"1380","-","-","34:26","1:11:36","1:51:18","2:12:01","3:15:10"
"1379","9:42","16:21","34:27","1:11:39","1:51:23","2:12:07","3:15:19"
"1378","-","16:22","34:29","1:11:41","1:51:27","2:12:12","3:15:28"
"1377","-","-","34:30","1:11:44","1:51:32","2:12:18","3:15:38"
"1376","9:43","16:23","34:31","1:11:46","1:51:36","2:12:23","3:15:47"
"1375","-","16:24","34:33","1:11:49","1:51:41","2:12:29","3:15:56"
"1374","-","-","34:34","1:11:52","1:51:45","2:12:35","3:16:05"
"1373","9:44","16:25","34:35","1:11:54","1:51:50","2:12:40","3:16:15"
"1372","-","16:26","34:36","1:11:57","1:51:54","2:12:46","3:16:24"
"1371","9:45","-","34:38","1:11:59","1:51:59","2:12:52","3:16:33"
"1370","-","16:27","34:39","1:12:02","1:52:03","2:12:57","3:16:42"
"1369","-","16:28","34:40","1:12:05","1:52:08","2:13:03","3:16:52"
"1368","9:46","-","34:41","1:12:07","1:52:12","2:13:08","3:17:01"
"1367","-","16:29","34:43","1:12:10","1:52:17","2:13:14","3:17:10"
"1366","9:47","-","34:44","1:12:12","1:52:21","2:13:20","3:17:20"
"1365","-","16:30","34:45","1:12:15","1:52:26","2:13:25","3:17:29"
"1364","-","16:31","34:47","1:12:17","1:52:31","2:13:31","3:17:38"
"1363","9:48","-","34:48","1:12:20","1:52:35","2:13:37","3:17:47"
"1362","-","16:32","34:49","1:12:23","1:52:40","2:13:42","3:17:57"
"1361","-","16:33","34:50","1:12:25","1:52:44","2:13:48","3:18:06"
"1360","9:49","-","34:52","1:12:28","1:52:49","2:13:54","3:18:15"
"1359","-","16:34","34:53","1:12:30","1:52:53","2:13:59","3:18:25"
"1358","9:50","16:35","34:54","1:12:33","1:52:58","2:14:05","3:18:34"
"1357","-","-","34:56","1:12:36","1:53:02","2:14:11","3:18:43"
"1356","-","16:36","34:57","1:12:38","1:53:07","2:14:16","3:18:53"
"1355","9:51","16:37","34:58","1:12:41","1:53:11","2:14:22","3:19:02"
"1354","-","-","34:59","1:12:43","1:53:16","2:14:28","3:19:11"
"1353","9:52","16:38","35:01","1:12:46","1:53:20","2:14:33","3:19:21"
"1352","-","16:39","35:02","1:12:49","1:53:25","2:14:39","3:19:30"
"1351","-","-","35:03","1:12:51","1:53:30","2:14:45","3:19:39"
"1350","9:53","16:40","35:05","1:12:54","1:53:34","2:14:50","3:19:49"
"1349","-","16:41","35:06","1:12:56","1:53:39","2:14:56","3:19:58"
"1348","9:54","-","35:07","1:12:59","1:53:43","2:15:02","3:20:07"
"1347","-","16:42","35:08","1:13:02","1:53:48","2:15:07","3:20:17"
"1346","-","-","35:10","1:13:04","1:53:52","2:15:13","3:20:26"
"1345","9:55","16:43","35:11","1:13:07","1:53:57","2:15:19","3:20:35"
"1344","-","16:44","35:12","1:13:09","1:54:01","2:15:24","3:20:45"
"1343","9:56","-","35:14","1:13:12","1:54:06","2:15:30","3:20:54"
"1342","-","16:45","35:15","1:13:15","1:54:11","2:15:36","3:21:03"
"1341","-","16:46","35:16","1:13:17","1:54:15","2:15:41","3:21:13"
"1340","9:57","-","35:17","1:13:20","1:54:20","2:15:47","3:21:22"
"1339","-","16:47","35:19","1:13:23","1:54:24","2:15:53","3:21:31"
"1338","9:58","16:48","35:20","1:13:25","1:54:29","2:15:58","3:21:41"
"1337","-","-","35:21","1:13:28","1:54:33","2:16:04","3:21:50"
"1336","-","16:49","35:23","1:13:30","1:54:38","2:16:10","3:22:00"
"1335","9:59","16:50","35:24","1:13:33","1:54:43","2:16:15","3:22:09"
"1334","-","-","35:25","1:13:36","1:54:47","2:16:21","3:22:18"
"1333","-","16:51","35:27","1:13:38","1:54:52","2:16:27","3:22:28"
"1332","10:00","16:52","35:28","1:13:41","1:54:56","2:16:33","3:22:37"
"1331","-","-","35:29","1:13:43","1:55:01","2:16:38","3:22:47"
"1330","10:01","16:53","35:30","1:13:46","1:55:06","2:16:44","3:22:56"
"1329","-","16:54","35:32","1:13:49","1:55:10","2:16:50","3:23:05"
"1328","-","-","35:33","1:13:51","1:55:15","2:16:55","3:23:15"
"1327","10:02","16:55","35:34","1:13:54","1:55:19","2:17:01","3:23:24"
"1326","-","16:56","35:36","1:13:57","1:55:24","2:17:07","3:23:34"
"1325","10:03","-","35:37","1:13:59","1:55:29","2:17:13","3:23:43"
"1324","-","16:57","35:38","1:14:02","1:55:33","2:17:18","3:23:52"
"1323","-","16:58","35:39","1:14:04","1:55:38","2:17:24","3:24:02"
"1322","10:04","-","35:41","1:14:07","1:55:42","2:17:30","3:24:11"
"1321","-","16:59","35:42","1:14:10","1:55:47","2:17:36","3:24:21"
"1320","10:05","17:00","35:43","1:14:12","1:55:52","2:17:41","3:24:30"
"1319","-","-","35:45","1:14:15","1:55:56","2:17:47","3:24:40"
"1318","-","17:01","35:46","1:14:18","1:56:01","2:17:53","3:24:49"
"1317","10:06","17:02","35:47","1:14:20","1:56:05","2:17:58","3:24:59"
"1316","-","-","35:49","1:14:23","1:56:10","2:18:04","3:25:08"
"1315","10:07","17:03","35:50","1:14:25","1:56:15","2:18:10","3:25:17"
"1314","-","-","35:51","1:14:28","1:56:19","2:18:16","3:25:27"
"1313","-","17:04","35:53","1:14:31","1:56:24","2:18:21","3:25:36"
"1312","10:08","17:05","35:54","1:14:33","1:56:28","2:18:27","3:25:46"
"1311","-","-","35:55","1:14:36","1:56:33","2:18:33","3:25:55"
"1310","10:09","17:06","35:56","1:14:39","1:56:38","2:18:39","3:26:05"
"1309","-","17:07","35:58","1:14:41","1:56:42","2:18:44","3:26:14"
"1308","-","-","35:59","1:14:44","1:56:47","2:18:50","3:26:24"
"1307","10:10","17:08","36:00","1:14:47","1:56:52","2:18:56","3:26:33"
"1306","-","17:09","36:02","1:14:49","1:56:56","2:19:02","3:26:43"
"1305","10:11","-","36:03","1:14:52","1:57:01","2:19:08","3:26:52"
"1304","-","17:10","36:04","1:14:55","1:57:05","2:19:13","3:27:02"
"1303","-","17:11","36:06","1:14:57","1:57:10","2:19:19","3:27:11"
"1302","10:12","-","36:07","1:15:00","1:57:15","2:19:25","3:27:21"
"1301","-","17:12","36:08","1:15:03","1:57:19","2:19:31","3:27:30"
"1300","10:13","17:13","36:10","1:15:05","1:57:24","2:19:36","3:27:40"
"1299","-","-","36:11","1:15:08","1:57:29","2:19:42","3:27:49"
"1298","-","17:14","36:12","1:15:10","1:57:33","2:19:48","3:27:59"
"1297","10:14","17:15","36:13","1:15:13","1:57:38","2:19:54","3:28:08"
"1296","-","-","36:15","1:15:16","1:57:43","2:20:00","3:28:18"
"1295","10:15","17:16","36:16","1:15:18","1:57:47","2:20:05","3:28:27"
"1294","-","17:17","36:17","1:15:21","1:57:52","2:20:11","3:28:37"
"1293","-","-","36:19","1:15:24","1:57:57","2:20:17","3:28:46"
"1292","10:16","17:18","36:20","1:15:26","1:58:01","2:20:23","3:28:56"
"1291","-","17:19","36:21","1:15:29","1:58:06","2:20:28","3:29:06"
"1290","10:17","-","36:23","1:15:32","1:58:10","2:20:34","3:29:15"
"1289","-","17:20","36:24","1:15:34","1:58:15","2:20:40","3:29:25"
"1288","-","17:21","36:25","1:15:37","1:58:20","2:20:46","3:29:34"
"1287","10:18","-","36:27","1:15:40","1:58:24","2:20:52","3:29:44"
"1286","-","17:22","36:28","1:15:42","1:58:29","2:20:57","3:29:53"
"1285","10:19","17:23","36:29","1:15:45","1:58:34","2:21:03","3:30:03"
"1284","-","-","36:31","1:15:48","1:58:38","2:21:09","3:30:13"
"1283","-","17:24","36:32","1:15:50","1:58:43","2:21:15","3:30:22"
"1282","10:20","17:25","36:33","1:15:53","1:58:48","2:21:21","3:30:32"
"1281","-","-","36:35","1:15:56","1:58:52","2:21:27","3:30:41"
"1280","10:21","17:26","36:36","1:15:58","1:58:57","2:21:32","3:30:51"
"1279","-","17:27","36:37","1:16:01","1:59:02","2:21:38","3:31:00"
"1278","-","-","36:39","1:16:04","1:59:07","2:21:44","3:31:10"
"1277","10:22","17:28","36:40","1:16:06","1:59:11","2:21:50","3:31:20"
"1276","-","17:29","36:41","1:16:09","1:59:16","2:21:56","3:31:29"
"1275","10:23","-","36:42","1:16:12","1:59:21","2:22:02","3:31:39"
"1274","-","17:30","36:44","1:16:14","1:59:25","2:22:07","3:31:48"
"1273","-","17:31","36:45","1:16:17","1:59:30","2:22:13","3:31:58"
"1272","10:24","-","36:46","1:16:20","1:59:35","2:22:19","3:32:08"
"1271","-","17:32","36:48","1:16:22","1:59:39","2:22:25","3:32:17"
"1270","10:25","17:33","36:49","1:16:25","1:59:44","2:22:31","3:32:27"
"1269","-","-","36:50","1:16:28","1:59:49","2:22:37","3:32:37"
"1268","-","17:34","36:52","1:16:31","1:59:53","2:22:42","3:32:46"
"1267","10:26","17:35","36:53","1:16:33","1:59:58","2:22:48","3:32:56"
"1266","-","-","36:54","1:16:36","2:00:03","2:22:54","3:33:05"
"1265","10:27","17:36","36:56","1:16:39","2:00:08","2:23:00","3:33:15"
"1264","-","17:37","36:57","1:16:41","2:00:12","2:23:06","3:33:25"
"1263","-","17:38","36:58","1:16:44","2:00:17","2:23:12","3:33:34"
"1262","10:28","-","37:00","1:16:47","2:00:22","2:23:18","3:33:44"
"1261","-","17:39","37:01","1:16:49","2:00:26","2:23:23","3:33:54"
"1260","10:29","17:40","37:02","1:16:52","2:00:31","2:23:29","3:34:03"
"1259","-","-","37:04","1:16:55","2:00:36","2:23:35","3:34:13"
"1258","-","17:41","37:05","1:16:57","2:00:40","2:23:41","3:34:23"
"1257","10:30","17:42","37:06","1:17:00","2:00:45","2:23:47","3:34:32"
"1256","-","-","37:08","1:17:03","2:00:50","2:23:53","3:34:42"
"1255","10:31","17:43","37:09","1:17:06","2:00:55","2:23:59","3:34:52"
"1254","-","17:44","37:10","1:17:08","2:00:59","2:24:05","3:35:01"
"1253","-","-","37:12","1:17:11","2:01:04","2:24:10","3:35:11"
"1252","10:32","17:45","37:13","1:17:14","2:01:09","2:24:16","3:35:21"
"1251","-","17:46","37:14","1:17:16","2:01:14","2:24:22","3:35:31"
"1250","10:33","-","37:16","1:17:19","2:01:18","2:24:28","3:35:40"
"1249","-","17:47","37:17","1:17:22","2:01:23","2:24:34","3:35:50"
"1248","-","17:48","37:18","1:17:24","2:01:28","2:24:40","3:36:00"
"1247","10:34","-","37:20","1:17:27","2:01:32","2:24:46","3:36:09"
"1246","-","17:49","37:21","1:17:30","2:01:37","2:24:52","3:36:19"
"1245","10:35","17:50","37:22","1:17:33","2:01:42","2:24:58","3:36:29"
"1244","-","-","37:24","1:17:35","2:01:47","2:25:04","3:36:39"
"1243","10:36","17:51","37:25","1:17:38","2:01:51","2:25:09","3:36:48"
"1242","-","17:52","37:26","1:17:41","2:01:56","2:25:15","3:36:58"
"1241","-","-","37:28","1:17:43","2:02:01","2:25:21","3:37:08"
"1240","10:37","17:53","37:29","1:17:46","2:02:06","2:25:27","3:37:17"
"1239","-","17:54","37:30","1:17:49","2:02:10","2:25:33","3:37:27"
"1238","10:38","-","37:32","1:17:52","2:02:15","2:25:39","3:37:37"
"1237","-","17:55","37:33","1:17:54","2:02:20","2:25:45","3:37:47"
"1236","-","17:56","37:35","1:17:57","2:02:25","2:25:51","3:37:56"
"1235","10:39","-","37:36","1:18:00","2:02:29","2:25:57","3:38:06"
"1234","-","17:57","37:37","1:18:02","2:02:34","2:26:03","3:38:16"
"1233","10:40","17:58","37:39","1:18:05","2:02:39","2:26:09","3:38:26"
"1232","-","17:59","37:40","1:18:08","2:02:44","2:26:15","3:38:36"
"1231","-","-","37:41","1:18:11","2:02:49","2:26:20","3:38:45"
"1230","10:41","18:00","37:43","1:18:13","2:02:53","2:26:26","3:38:55"
"1229","-","18:01","37:44","1:18:16","2:02:58","2:26:32","3:39:05"
"1228","10:42","-","37:45","1:18:19","2:03:03","2:26:38","3:39:15"
"1227","-","18:02","37:47","1:18:22","2:03:08","2:26:44","3:39:24"
"1226","-","18:03","37:48","1:18:24","2:03:12","2:26:50","3:39:34"
"1225","10:43","-","37:49","1:18:27","2:03:17","2:26:56","3:39:44"
"1224","-","18:04","37:51","1:18:30","2:03:22","2:27:02","3:39:54"
"1223","10:44","18:05","37:52","1:18:32","2:03:27","2:27:08","3:40:04"
"1222","-","-","37:53","1:18:35","2:03:32","2:27:14","3:40:13"
"1221","10:45","18:06","37:55","1:18:38","2:03:36","2:27:20","3:40:23"
"1220","-","18:07","37:56","1:18:41","2:03:41","2:27:26","3:40:33"
"1219","-","-","37:57","1:18:43","2:03:46","2:27:32","3:40:43"
"1218","10:46","18:08","37:59","1:18:46","2:03:51","2:27:38","3:40:53"
"1217","-","18:09","38:00","1:18:49","2:03:56","2:27:44","3:41:03"
"1216","10:47","-","38:02","1:18:52","2:04:00","2:27:50","3:41:12"
"1215","-","18:10","38:03","1:18:54","2:04:05","2:27:56","3:41:22"
"1214","-","18:11","38:04","1:18:57","2:04:10","2:28:02","3:41:32"
"1213","10:48","18:12","38:06","1:19:00","2:04:15","2:28:08","3:41:42"
"1212","-","-","38:07","1:19:03","2:04:20","2:28:14","3:41:52"
"1211","10:49","18:13","38:08","1:19:05","2:04:24","2:28:20","3:42:02"
"1210","-","18:14","38:10","1:19:08","2:04:29","2:28:26","3:42:12"
"1209","10:50","-","38:11","1:19:11","2:04:34","2:28:32","3:42:21"
"1208","-","18:15","38:12","1:19:14","2:04:39","2:28:38","3:42:31"
"1207","-","18:16","38:14","1:19:16","2:04:44","2:28:44","3:42:41"
"1206","10:51","-","38:15","1:19:19","2:04:48","2:28:50","3:42:51"
"1205","-","18:17","38:16","1:19:22","2:04:53","2:28:56","3:43:01"
"1204","10:52","18:18","38:18","1:19:25","2:04:58","2:29:02","3:43:11"
"1203","-","-","38:19","1:19:27","2:05:03","2:29:08","3:43:21"
"1202","-","18:19","38:21","1:19:30","2:05:08","2:29:14","3:43:31"
"1201","10:53","18:20","38:22","1:19:33","2:05:12","2:29:20","3:43:40"
"1200","-","-","38:23","1:19:36","2:05:17","2:29:26","3:43:50"
"1199","10:54","18:21","38:25","1:19:38","2:05:22","2:29:32","3:44:00"
"1198","-","18:22","38:26","1:19:41","2:05:27","2:29:38","3:44:10"
"1197","-","18:23","38:27","1:19:44","2:05:32","2:29:44","3:44:20"
"1196","10:55","-","38:29","1:19:47","2:05:37","2:29:50","3:44:30"
"1195","-","18:24","38:30","1:19:49","2:05:42","2:29:56","3:44:40"
"1194","10:56","18:25","38:32","1:19:52","2:05:46","2:30:02","3:44:50"
"1193","-","-","38:33","1:19:55","2:05:51","2:30:08","3:45:00"
"1192","10:57","18:26","38:34","1:19:58","2:05:56","2:30:14","3:45:10"
"1191","-","18:27","38:36","1:20:01","2:06:01","2:30:20","3:45:20"
"1190","-","-","38:37","1:20:03","2:06:06","2:30:26","3:45:30"
"1189","10:58","18:28","38:38","1:20:06","2:06:11","2:30:32","3:45:40"
"1188","-","18:29","38:40","1:20:09","2:06:15","2:30:38","3:45:50"
"1187","10:59","18:30","38:41","1:20:12","2:06:20","2:30:44","3:45:59"
"1186","-","-","38:42","1:20:14","2:06:25","2:30:50","3:46:09"
"1185","-","18:31","38:44","1:20:17","2:06:30","2:30:56","3:46:19"
"1184","11:00","18:32","38:45","1:20:20","2:06:35","2:31:02","3:46:29"
"1183","-","-","38:47","1:20:23","2:06:40","2:31:08","3:46:39"
"1182","11:01","18:33","38:48","1:20:25","2:06:45","2:31:14","3:46:49"
"1181","-","18:34","38:49","1:20:28","2:06:49","2:31:20","3:46:59"
"1180","11:02","-","38:51","1:20:31","2:06:54","2:31:27","3:47:09"
"1179","-","18:35","38:52","1:20:34","2:06:59","2:31:33","3:47:19"
"1178","-","18:36","38:53","1:20:37","2:07:04","2:31:39","3:47:29"
"1177","11:03","-","38:55","1:20:39","2:07:09","2:31:45","3:47:39"
"1176","-","18:37","38:56","1:20:42","2:07:14","2:31:51","3:47:49"
"1175","11:04","18:38","38:58","1:20:45","2:07:19","2:31:57","3:47:59"
"1174","-","18:39","38:59","1:20:48","2:07:24","2:32:03","3:48:09"
"1173","11:05","-","39:00","1:20:51","2:07:28","2:32:09","3:48:19"
"1172","-","18:40","39:02","1:20:53","2:07:33","2:32:15","3:48:29"
"1171","-","18:41","39:03","1:20:56","2:07:38","2:32:21","3:48:39"
"1170","11:06","-","39:05","1:20:59","2:07:43","2:32:27","3:48:49"
"1169","-","18:42","39:06","1:21:02","2:07:48","2:32:33","3:48:59"
"1168","11:07","18:43","39:07","1:21:05","2:07:53","2:32:39","3:49:09"
"1167","-","-","39:09","1:21:07","2:07:58","2:32:46","3:49:19"
"1166","-","18:44","39:10","1:21:10","2:08:03","2:32:52","3:49:30"
"1165","11:08","18:45","39:11","1:21:13","2:08:08","2:32:58","3:49:40"
"1164","-","18:46","39:13","1:21:16","2:08:13","2:33:04","3:49:50"
"1163","11:09","-","39:14","1:21:19","2:08:17","2:33:10","3:50:00"
"1162","-","18:47","39:16","1:21:21","2:08:22","2:33:16","3:50:10"
"1161","11:10","18:48","39:17","1:21:24","2:08:27","2:33:22","3:50:20"
"1160","-","-","39:18","1:21:27","2:08:32","2:33:28","3:50:30"
"1159","-","18:49","39:20","1:21:30","2:08:37","2:33:34","3:50:40"
"1158","11:11","18:50","39:21","1:21:33","2:08:42","2:33:41","3:50:50"
"1157","-","-","39:23","1:21:35","2:08:47","2:33:47","3:51:00"
"1156","11:12","18:51","39:24","1:21:38","2:08:52","2:33:53","3:51:10"
"1155","-","18:52","39:25","1:21:41","2:08:57","2:33:59","3:51:20"
"1154","11:13","18:53","39:27","1:21:44","2:09:02","2:34:05","3:51:30"
"1153","-","-","39:28","1:21:47","2:09:07","2:34:11","3:51:40"
"1152","-","18:54","39:29","1:21:49","2:09:12","2:34:17","3:51:51"
"1151","11:14","18:55","39:31","1:21:52","2:09:16","2:34:24","3:52:01"
"1150","-","-","39:32","1:21:55","2:09:21","2:34:30","3:52:11"
"1149","11:15","18:56","39:34","1:21:58","2:09:26","2:34:36","3:52:21"
"1148","-","18:57","39:35","1:22:01","2:09:31","2:34:42","3:52:31"
"1147","-","18:58","39:36","1:22:04","2:09:36","2:34:48","3:52:41"
"1146","11:16","-","39:38","1:22:06","2:09:41","2:34:54","3:52:51"
"1145","-","18:59","39:39","1:22:09","2:09:46","2:35:00","3:53:01"
"1144","11:17","19:00","39:41","1:22:12","2:09:51","2:35:07","3:53:12"
"1143","-","-","39:42","1:22:15","2:09:56","2:35:13","3:53:22"
"1142","11:18","19:01","39:43","1:22:18","2:10:01","2:35:19","3:53:32"
"1141","-","19:02","39:45","1:22:21","2:10:06","2:35:25","3:53:42"
"1140","-","19:03","39:46","1:22:23","2:10:11","2:35:31","3:53:52"
"1139","11:19","-","39:48","1:22:26","2:10:16","2:35:37","3:54:02"
"1138","-","19:04","39:49","1:22:29","2:10:21","2:35:44","3:54:13"
"1137","11:20","19:05","39:50","1:22:32","2:10:26","2:35:50","3:54:23"
"1136","-","-","39:52","1:22:35","2:10:31","2:35:56","3:54:33"
"1135","11:21","19:06","39:53","1:22:38","2:10:36","2:36:02","3:54:43"
"1134","-","19:07","39:55","1:22:40","2:10:41","2:36:08","3:54:53"
"1133","-","-","39:56","1:22:43","2:10:46","2:36:14","3:55:03"
"1132","11:22","19:08","39:57","1:22:46","2:10:51","2:36:21","3:55:14"
"1131","-","19:09","39:59","1:22:49","2:10:56","2:36:27","3:55:24"
"1130","11:23","19:10","40:00","1:22:52","2:11:01","2:36:33","3:55:34"
"1129","-","-","40:02","1:22:55","2:11:05","2:36:39","3:55:44"
"1128","11:24","19:11","40:03","1:22:57","2:11:10","2:36:45","3:55:54"
"1127","-","19:12","40:05","1:23:00","2:11:15","2:36:52","3:56:05"
"1126","-","-","40:06","1:23:03","2:11:20","2:36:58","3:56:15"
"1125","11:25","19:13","40:07","1:23:06","2:11:25","2:37:04","3:56:25"
"1124","-","19:14","40:09","1:23:09","2:11:30","2:37:10","3:56:35"
"1123","11:26","19:15","40:10","1:23:12","2:11:35","2:37:17","3:56:46"
"1122","-","-","40:12","1:23:15","2:11:40","2:37:23","3:56:56"
"1121","11:27","19:16","40:13","1:23:17","2:11:45","2:37:29","3:57:06"
"1120","-","19:17","40:14","1:23:20","2:11:50","2:37:35","3:57:16"
"1119","-","-","40:16","1:23:23","2:11:55","2:37:41","3:57:27"
"1118","11:28","19:18","40:17","1:23:26","2:12:00","2:37:48","3:57:37"
"1117","-","19:19","40:19","1:23:29","2:12:05","2:37:54","3:57:47"
"1116","11:29","19:20","40:20","1:23:32","2:12:10","2:38:00","3:57:57"
"1115","-","-","40:21","1:23:35","2:12:15","2:38:06","3:58:08"
"1114","11:30","19:21","40:23","1:23:37","2:12:20","2:38:13","3:58:18"
"1113","-","19:22","40:24","1:23:40","2:12:25","2:38:19","3:58:28"
"1112","-","-","40:26","1:23:43","2:12:30","2:38:25","3:58:38"
"1111","11:31","19:23","40:27","1:23:46","2:12:35","2:38:31","3:58:49"
"1110","-","19:24","40:29","1:23:49","2:12:41","2:38:38","3:58:59"
"1109","11:32","19:25","40:30","1:23:52","2:12:46","2:38:44","3:59:09"
"1108","-","-","40:31","1:23:55","2:12:51","2:38:50","3:59:20"
"1107","11:33","19:26","40:33","1:23:57","2:12:56","2:38:56","3:59:30"
"1106","-","19:27","40:34","1:24:00","2:13:01","2:39:03","3:59:40"
"1105","-","19:28","40:36","1:24:03","2:13:06","2:39:09","3:59:51"
"1104","11:34","-","40:37","1:24:06","2:13:11","2:39:15","4:00:01"
"1103","-","19:29","40:39","1:24:09","2:13:16","2:39:21","4:00:11"
"1102","11:35","19:30","40:40","1:24:12","2:13:21","2:39:28","4:00:22"
"1101","-","-","40:41","1:24:15","2:13:26","2:39:34","4:00:32"
"1100","11:36","19:31","40:43","1:24:18","2:13:31","2:39:40","4:00:42"
"1099","-","19:32","40:44","1:24:21","2:13:36","2:39:47","4:00:53"
"1098","11:37","19:33","40:46","1:24:23","2:13:41","2:39:53","4:01:03"
"1097","-","-","40:47","1:24:26","2:13:46","2:39:59","4:01:13"
"1096","-","19:34","40:48","1:24:29","2:13:51","2:40:05","4:01:24"
"1095","11:38","19:35","40:50","1:24:32","2:13:56","2:40:12","4:01:34"
"1094","-","-","40:51","1:24:35","2:14:01","2:40:18","4:01:44"
"1093","11:39","19:36","40:53","1:24:38","2:14:06","2:40:24","4:01:55"
"1092","-","19:37","40:54","1:24:41","2:14:11","2:40:31","4:02:05"
"1091","11:40","19:38","40:56","1:24:44","2:14:16","2:40:37","4:02:16"
"1090","-","-","40:57","1:24:47","2:14:21","2:40:43","4:02:26"
"1089","-","19:39","40:59","1:24:49","2:14:26","2:40:50","4:02:36"
"1088","11:41","19:40","41:00","1:24:52","2:14:32","2:40:56","4:02:47"
"1087","-","19:41","41:01","1:24:55","2:14:37","2:41:02","4:02:57"
"1086","11:42","-","41:03","1:24:58","2:14:42","2:41:08","4:03:08"
"1085","-","19:42","41:04","1:25:01","2:14:47","2:41:15","4:03:18"
"1084","11:43","19:43","41:06","1:25:04","2:14:52","2:41:21","4:03:28"
"1083","-","-","41:07","1:25:07","2:14:57","2:41:27","4:03:39"
"1082","-","19:44","41:09","1:25:10","2:15:02","2:41:34","4:03:49"
"1081","11:44","19:45","41:10","1:25:13","2:15:07","2:41:40","4:04:00"
"1080","-","19:46","41:11","1:25:16","2:15:12","2:41:46","4:04:10"
"1079","11:45","-","41:13","1:25:18","2:15:17","2:41:53","4:04:21"
"1078","-","19:47","41:14","1:25:21","2:15:22","2:41:59","4:04:31"
"1077","11:46","19:48","41:16","1:25:24","2:15:27","2:42:05","4:04:41"
"1076","-","19:49","41:17","1:25:27","2:15:33","2:42:12","4:04:52"
"1075","11:47","-","41:19","1:25:30","2:15:38","2:42:18","4:05:02"
"1074","-","19:50","41:20","1:25:33","2:15:43","2:42:25","4:05:13"
"1073","-","19:51","41:22","1:25:36","2:15:48","2:42:31","4:05:23"
"1072","11:48","-","41:23","1:25:39","2:15:53","2:42:37","4:05:34"
"1071","-","19:52","41:24","1:25:42","2:15:58","2:42:44","4:05:44"
"1070","11:49","19:53","41:26","1:25:45","2:16:03","2:42:50","4:05:55"
"1069","-","19:54","41:27","1:25:48","2:16:08","2:42:56","4:06:05"
"1068","11:50","-","41:29","1:25:51","2:16:13","2:43:03","4:06:16"
"1067","-","19:55","41:30","1:25:53","2:16:19","2:43:09","4:06:26"
"1066","11:51","19:56","41:32","1:25:56","2:16:24","2:43:15","4:06:37"
"1065","-","19:57","41:33","1:25:59","2:16:29","2:43:22","4:06:47"
"1064","-","-","41:35","1:26:02","2:16:34","2:43:28","4:06:58"
"1063","11:52","19:58","41:36","1:26:05","2:16:39","2:43:35","4:07:08"
"1062","-","19:59","41:37","1:26:08","2:16:44","2:43:41","4:07:19"
"1061","11:53","20:00","41:39","1:26:11","2:16:49","2:43:47","4:07:29"
"1060","-","-","41:40","1:26:14","2:16:55","2:43:54","4:07:40"
"1059","11:54","20:01","41:42","1:26:17","2:17:00","2:44:00","4:07:50"
"1058","-","20:02","41:43","1:26:20","2:17:05","2:44:07","4:08:01"
"1057","-","-","41:45","1:26:23","2:17:10","2:44:13","4:08:12"
"1056","11:55","20:03","41:46","1:26:26","2:17:15","2:44:19","4:08:22"
"1055","-","20:04","41:48","1:26:29","2:17:20","2:44:26","4:08:33"
"1054","11:56","20:05","41:49","1:26:32","2:17:25","2:44:32","4:08:43"
"1053","-","-","41:51","1:26:35","2:17:31","2:44:39","4:08:54"
"1052","11:57","20:06","41:52","1:26:38","2:17:36","2:44:45","4:09:04"
"1051","-","20:07","41:53","1:26:40","2:17:41","2:44:52","4:09:15"
"1050","11:58","20:08","41:55","1:26:43","2:17:46","2:44:58","4:09:26"
"1049","-","-","41:56","1:26:46","2:17:51","2:45:04","4:09:36"
"1048","-","20:09","41:58","1:26:49","2:17:56","2:45:11","4:09:47"
"1047","11:59","20:10","41:59","1:26:52","2:18:02","2:45:17","4:09:57"
"1046","-","20:11","42:01","1:26:55","2:18:07","2:45:24","4:10:08"
"1045","12:00","-","42:02","1:26:58","2:18:12","2:45:30","4:10:19"
"1044","-","20:12","42:04","1:27:01","2:18:17","2:45:37","4:10:29"
"1043","12:01","20:13","42:05","1:27:04","2:18:22","2:45:43","4:10:40"
"1042","-","20:14","42:07","1:27:07","2:18:27","2:45:49","4:10:50"
"1041","12:02","-","42:08","1:27:10","2:18:33","2:45:56","4:11:01"
"1040","-","20:15","42:10","1:27:13","2:18:38","2:46:02","4:11:12"
"1039","-","20:16","42:11","1:27:16","2:18:43","2:46:09","4:11:22"
"1038","12:03","20:17","42:12","1:27:19","2:18:48","2:46:15","4:11:33"
"1037","-","-","42:14","1:27:22","2:18:53","2:46:22","4:11:44"
"1036","12:04","20:18","42:15","1:27:25","2:18:59","2:46:28","4:11:54"
"1035","-","20:19","42:17","1:27:28","2:19:04","2:46:35","4:12:05"
"1034","12:05","20:20","42:18","1:27:31","2:19:09","2:46:41","4:12:16"
"1033","-","-","42:20","1:27:34","2:19:14","2:46:48","4:12:26"
"1032","12:06","20:21","42:21","1:27:37","2:19:19","2:46:54","4:12:37"
"1031","-","20:22","42:23","1:27:40","2:19:25","2:47:01","4:12:48"
"1030","-","-","42:24","1:27:43","2:19:30","2:47:07","4:12:58"
"1029","12:07","20:23","42:26","1:27:46","2:19:35","2:47:14","4:13:09"
"1028","-","20:24","42:27","1:27:49","2:19:40","2:47:20","4:13:20"
"1027","12:08","20:25","42:29","1:27:52","2:19:45","2:47:27","4:13:30"
"1026","-","-","42:30","1:27:55","2:19:51","2:47:33","4:13:41"
"1025","12:09","20:26","42:32","1:27:58","2:19:56","2:47:40","4:13:52"
"1024","-","20:27","42:33","1:28:01","2:20:01","2:47:46","4:14:03"
"1023","12:10","20:28","42:35","1:28:04","2:20:06","2:47:53","4:14:13"
"1022","-","-","42:36","1:28:07","2:20:12","2:47:59","4:14:24"
"1021","12:11","20:29","42:38","1:28:10","2:20:17","2:48:06","4:14:35"
"1020","-","20:30","42:39","1:28:13","2:20:22","2:48:12","4:14:45"
"1019","-","20:31","42:40","1:28:16","2:20:27","2:48:19","4:14:56"
"1018","12:12","-","42:42","1:28:19","2:20:33","2:48:25","4:15:07"
"1017","-","20:32","42:43","1:28:22","2:20:38","2:48:32","4:15:18"
"1016","12:13","20:33","42:45","1:28:25","2:20:43","2:48:38","4:15:28"
"1015","-","20:34","42:46","1:28:28","2:20:48","2:48:45","4:15:39"
"1014","12:14","-","42:48","1:28:31","2:20:54","2:48:51","4:15:50"
"1013","-","20:35","42:49","1:28:34","2:20:59","2:48:58","4:16:01"
"1012","12:15","20:36","42:51","1:28:37","2:21:04","2:49:05","4:16:12"
"1011","-","20:37","42:52","1:28:40","2:21:09","2:49:11","4:16:22"
"1010","-","-","42:54","1:28:43","2:21:15","2:49:18","4:16:33"
"1009","12:16","20:38","42:55","1:28:46","2:21:20","2:49:24","4:16:44"
"1008","-","20:39","42:57","1:28:49","2:21:25","2:49:31","4:16:55"
"1007","12:17","20:40","42:58","1:28:52","2:21:30","2:49:37","4:17:06"
"1006","-","20:41","43:00","1:28:55","2:21:36","2:49:44","4:17:16"
"1005","12:18","-","43:01","1:28:58","2:21:41","2:49:50","4:17:27"
"1004","-","20:42","43:03","1:29:01","2:21:46","2:49:57","4:17:38"
"1003","12:19","20:43","43:04","1:29:04","2:21:51","2:50:04","4:17:49"
"1002","-","20:44","43:06","1:29:07","2:21:57","2:50:10","4:18:00"
"1001","12:20","-","43:07","1:29:10","2:22:02","2:50:17","4:18:11"
"1000","-","20:45","43:09","1:29:13","2:22:07","2:50:23","4:18:21"
"999","-","20:46","43:10","1:29:16","2:22:13","2:50:30","4:18:32"
"998","12:21","20:47","43:12","1:29:19","2:22:18","2:50:37","4:18:43"
"997","-","-","43:13","1:29:22","2:22:23","2:50:43","4:18:54"
"996","12:22","20:48","43:15","1:29:25","2:22:29","2:50:50","4:19:05"
"995","-","20:49","43:16","1:29:28","2:22:34","2:50:56","4:19:16"
"994","12:23","20:50","43:18","1:29:31","2:22:39","2:51:03","4:19:27"
"993","-","-","43:19","1:29:34","2:22:44","2:51:10","4:19:37"
"992","12:24","20:51","43:21","1:29:37","2:22:50","2:51:16","4:19:48"
"991","-","20:52","43:22","1:29:40","2:22:55","2:51:23","4:19:59"
"990","12:25","20:53","43:24","1:29:43","2:23:00","2:51:29","4:20:10"
"989","-","-","43:25","1:29:46","2:23:06","2:51:36","4:20:21"
"988","12:26","20:54","43:27","1:29:49","2:23:11","2:51:43","4:20:32"
"987","-","20:55","43:28","1:29:52","2:23:16","2:51:49","4:20:43"
"986","-","20:56","43:30","1:29:55","2:23:22","2:51:56","4:20:54"
"985","12:27","-","43:31","1:29:58","2:23:27","2:52:03","4:21:05"
"984","-","20:57","43:33","1:30:01","2:23:32","2:52:09","4:21:16"
"983","12:28","20:58","43:34","1:30:04","2:23:38","2:52:16","4:21:27"
"982","-","20:59","43:36","1:30:07","2:23:43","2:52:22","4:21:38"
"981","12:29","21:00","43:37","1:30:10","2:23:48","2:52:29","4:21:48"
"980","-","-","43:39","1:30:14","2:23:54","2:52:36","4:21:59"
"979","12:30","21:01","43:40","1:30:17","2:23:59","2:52:42","4:22:10"
"978","-","21:02","43:42","1:30:20","2:24:04","2:52:49","4:22:21"
"977","12:31","21:03","43:43","1:30:23","2:24:10","2:52:56","4:22:32"
"976","-","-","43:45","1:30:26","2:24:15","2:53:02","4:22:43"
"975","-","21:04","43:46","1:30:29","2:24:20","2:53:09","4:22:54"
"974","12:32","21:05","43:48","1:30:32","2:24:26","2:53:16","4:23:05"
"973","-","21:06","43:49","1:30:35","2:24:31","2:53:22","4:23:16"
"972","12:33","-","43:51","1:30:38","2:24:37","2:53:29","4:23:27"
"971","-","21:07","43:52","1:30:41","2:24:42","2:53:36","4:23:38"
"970","12:34","21:08","43:54","1:30:44","2:24:47","2:53:42","4:23:49"
"969","-","21:09","43:55","1:30:47","2:24:53","2:53:49","4:24:00"
"968","12:35","-","43:57","1:30:50","2:24:58","2:53:56","4:24:11"
"967","-","21:10","43:59","1:30:53","2:25:03","2:54:03","4:24:22"
"966","12:36","21:11","44:00","1:30:56","2:25:09","2:54:09","4:24:33"
"965","-","21:12","44:02","1:31:00","2:25:14","2:54:16","4:24:44"
"964","12:37","21:13","44:03","1:31:03","2:25:20","2:54:23","4:24:55"
"963","-","-","44:05","1:31:06","2:25:25","2:54:29","4:25:07"
"962","-","21:14","44:06","1:31:09","2:25:30","2:54:36","4:25:18"
"961","12:38","21:15","44:08","1:31:12","2:25:36","2:54:43","4:25:29"
"960","-","21:16","44:09","1:31:15","2:25:41","2:54:50","4:25:40"
"959","12:39","-","44:11","1:31:18","2:25:47","2:54:56","4:25:51"
"958","-","21:17","44:12","1:31:21","2:25:52","2:55:03","4:26:02"
"957","12:40","21:18","44:14","1:31:24","2:25:57","2:55:10","4:26:13"
"956","-","21:19","44:15","1:31:27","2:26:03","2:55:16","4:26:24"
"955","12:41","21:20","44:17","1:31:30","2:26:08","2:55:23","4:26:35"
"954","-","-","44:18","1:31:33","2:26:14","2:55:30","4:26:46"
"953","12:42","21:21","44:20","1:31:37","2:26:19","2:55:37","4:26:57"
"952","-","21:22","44:21","1:31:40","2:26:24","2:55:43","4:27:09"
"951","12:43","21:23","44:23","1:31:43","2:26:30","2:55:50","4:27:20"
"950","-","-","44:24","1:31:46","2:26:35","2:55:57","4:27:31"
"949","12:44","21:24","44:26","1:31:49","2:26:41","2:56:04","4:27:42"
"948","-","21:25","44:28","1:31:52","2:26:46","2:56:10","4:27:53"
"947","-","21:26","44:29","1:31:55","2:26:52","2:56:17","4:28:04"
"946","12:45","21:27","44:31","1:31:58","2:26:57","2:56:24","4:28:15"
"945","-","-","44:32","1:32:01","2:27:02","2:56:31","4:28:26"
"944","12:46","21:28","44:34","1:32:05","2:27:08","2:56:38","4:28:38"
"943","-","21:29","44:35","1:32:08","2:27:13","2:56:44","4:28:49"
"942","12:47","21:30","44:37","1:32:11","2:27:19","2:56:51","4:29:00"
"941","-","-","44:38","1:32:14","2:27:24","2:56:58","4:29:11"
"940","12:48","21:31","44:40","1:32:17","2:27:30","2:57:05","4:29:22"
"939","-","21:32","44:41","1:32:20","2:27:35","2:57:12","4:29:34"
"938","12:49","21:33","44:43","1:32:23","2:27:41","2:57:18","4:29:45"
"937","-","21:34","44:44","1:32:26","2:27:46","2:57:25","4:29:56"
"936","12:50","-","44:46","1:32:29","2:27:52","2:57:32","4:30:07"
"935","-","21:35","44:48","1:32:33","2:27:57","2:57:39","4:30:18"
"934","12:51","21:36","44:49","1:32:36","2:28:03","2:57:46","4:30:30"
"933","-","21:37","44:51","1:32:39","2:28:08","2:57:52","4:30:41"
"932","-","-","44:52","1:32:42","2:28:13","2:57:59","4:30:52"
"931","12:52","21:38","44:54","1:32:45","2:28:19","2:58:06","4:31:03"
"930","-","21:39","44:55","1:32:48","2:28:24","2:58:13","4:31:15"
"929","12:53","21:40","44:57","1:32:51","2:28:30","2:58:20","4:31:26"
"928","-","21:41","44:58","1:32:55","2:28:35","2:58:27","4:31:37"
"927","12:54","-","45:00","1:32:58","2:28:41","2:58:33","4:31:48"
"926","-","21:42","45:02","1:33:01","2:28:46","2:58:40","4:32:00"
"925","12:55","21:43","45:03","1:33:04","2:28:52","2:58:47","4:32:11"
"924","-","21:44","45:05","1:33:07","2:28:57","2:58:54","4:32:22"
"923","12:56","21:45","45:06","1:33:10","2:29:03","2:59:01","4:32:33"
"922","-","-","45:08","1:33:13","2:29:08","2:59:08","4:32:45"
"921","12:57","21:46","45:09","1:33:17","2:29:14","2:59:15","4:32:56"
"920","-","21:47","45:11","1:33:20","2:29:19","2:59:21","4:33:07"
"919","12:58","21:48","45:12","1:33:23","2:29:25","2:59:28","4:33:19"
"918","-","-","45:14","1:33:26","2:29:30","2:59:35","4:33:30"
"917","12:59","21:49","45:16","1:33:29","2:29:36","2:59:42","4:33:41"
"916","-","21:50","45:17","1:33:32","2:29:42","2:59:49","4:33:53"
"915","13:00","21:51","45:19","1:33:35","2:29:47","2:59:56","4:34:04"
"914","-","21:52","45:20","1:33:39","2:29:53","3:00:03","4:34:15"
"913","-","-","45:22","1:33:42","2:29:58","3:00:10","4:34:27"
"912","13:01","21:53","45:23","1:33:45","2:30:04","3:00:16","4:34:38"
"911","-","21:54","45:25","1:33:48","2:30:09","3:00:23","4:34:49"
"910","13:02","21:55","45:27","1:33:51","2:30:15","3:00:30","4:35:01"
"909","-","21:56","45:28","1:33:54","2:30:20","3:00:37","4:35:12"
"908","13:03","-","45:30","1:33:58","2:30:26","3:00:44","4:35:24"
"907","-","21:57","45:31","1:34:01","2:30:31","3:00:51","4:35:35"
"906","13:04","21:58","45:33","1:34:04","2:30:37","3:00:58","4:35:46"
"905","-","21:59","45:34","1:34:07","2:30:43","3:01:05","4:35:58"
"904","13:05","22:00","45:36","1:34:10","2:30:48","3:01:12","4:36:09"
"903","-","-","45:38","1:34:14","2:30:54","3:01:19","4:36:21"
"902","13:06","22:01","45:39","1:34:17","2:30:59","3:01:26","4:36:32"
"901","-","22:02","45:41","1:34:20","2:31:05","3:01:33","4:36:43"
"900","13:07","22:03","45:42","1:34:23","2:31:10","3:01:40","4:36:55"
"899","-","22:04","45:44","1:34:26","2:31:16","3:01:46","4:37:06"
"898","13:08","-","45:45","1:34:29","2:31:22","3:01:53","4:37:18"
"897","-","22:05","45:47","1:34:33","2:31:27","3:02:00","4:37:29"
"896","13:09","22:06","45:49","1:34:36","2:31:33","3:02:07","4:37:41"
"895","-","22:07","45:50","1:34:39","2:31:38","3:02:14","4:37:52"
"894","13:10","22:08","45:52","1:34:42","2:31:44","3:02:21","4:38:04"
"893","-","-","45:53","1:34:45","-","3:02:28","4:38:15"
"892","13:11","22:09","45:55","1:34:49","2:31:55","3:02:35","4:38:27"
"891","-","22:10","45:56","1:34:52","2:32:01","3:02:42","4:38:38"
"890","13:12","22:11","45:58","1:34:55","2:32:06","3:02:49","4:38:50"
"889","-","22:12","46:00","1:34:58","2:32:12","3:02:56","4:39:01"
"888","-","-","46:01","1:35:01","2:32:18","3:03:03","4:39:13"
"887","13:13","22:13","46:03","1:35:05","2:32:23","3:03:10","4:39:24"
"886","-","22:14","46:04","1:35:08","2:32:29","3:03:17","4:39:36"
"885","13:14","22:15","46:06","1:35:11","2:32:34","3:03:24","4:39:47"
"884","-","22:16","46:08","1:35:14","2:32:40","3:03:31","4:39:59"
"883","13:15","-","46:09","1:35:17","2:32:46","3:03:38","4:40:10"
"882","-","22:17","46:11","1:35:21","2:32:51","3:03:45","4:40:22"
"881","13:16","22:18","46:12","1:35:24","2:32:57","3:03:52","4:40:33"
"880","-","22:19","46:14","1:35:27","2:33:03","3:03:59","4:40:45"
"879","13:17","22:20","46:16","1:35:30","2:33:08","3:04:06","4:40:56"
"878","-","-","46:17","1:35:34","2:33:14","3:04:13","4:41:08"
"877","13:18","22:21","46:19","1:35:37","2:33:19","3:04:20","4:41:20"
"876","-","22:22","46:20","1:35:40","2:33:25","3:04:27","4:41:31"
"875","13:19","22:23","46:22","1:35:43","2:33:31","3:04:34","4:41:43"
"874","-","22:24","46:24","1:35:47","2:33:36","3:04:41","4:41:54"
"873","13:20","-","46:25","1:35:50","2:33:42","3:04:48","4:42:06"
"872","-","22:25","46:27","1:35:53","2:33:48","3:04:55","4:42:18"
"871","13:21","22:26","46:28","1:35:56","2:33:53","3:05:03","4:42:29"
"870","-","22:27","46:30","1:35:59","2:33:59","3:05:10","4:42:41"
"869","13:22","22:28","46:32","1:36:03","2:34:05","3:05:17","4:42:52"
"868","-","22:29","46:33","1:36:06","2:34:10","3:05:24","4:43:04"
"867","13:23","-","46:35","1:36:09","2:34:16","3:05:31","4:43:16"
"866","-","22:30","46:36","1:36:12","2:34:22","3:05:38","4:43:27"
"865","13:24","22:31","46:38","1:36:16","2:34:28","3:05:45","4:43:39"
"864","-","22:32","46:40","1:36:19","2:34:33","3:05:52","4:43:51"
"863","13:25","22:33","46:41","1:36:22","2:34:39","3:05:59","4:44:02"
"862","-","-","46:43","1:36:25","2:34:45","3:06:06","4:44:14"
"861","13:26","22:34","46:44","1:36:29","2:34:50","3:06:13","4:44:26"
"860","-","22:35","46:46","1:36:32","2:34:56","3:06:20","4:44:37"
"859","13:27","22:36","46:48","1:36:35","2:35:02","3:06:28","4:44:49"
"858","-","22:37","46:49","1:36:39","2:35:07","3:06:35","4:45:01"
"857","13:28","22:38","46:51","1:36:42","2:35:13","3:06:42","4:45:13"
"856","-","-","46:52","1:36:45","2:35:19","3:06:49","4:45:24"
"855","13:29","22:39","46:54","1:36:48","2:35:25","3:06:56","4:45:36"
"854","-","22:40","46:56","1:36:52","2:35:30","3:07:03","4:45:48"
"853","13:30","22:41","46:57","1:36:55","2:35:36","3:07:10","4:46:00"
"852","-","22:42","46:59","1:36:58","2:35:42","3:07:17","4:46:11"
"851","13:31","-","47:01","1:37:01","2:35:47","3:07:25","4:46:23"
"850","-","22:43","47:02","1:37:05","2:35:53","3:07:32","4:46:35"
"849","13:32","22:44","47:04","1:37:08","2:35:59","3:07:39","4:46:47"
"848","-","22:45","47:05","1:37:11","2:36:05","3:07:46","4:46:58"
"847","-","22:46","47:07","1:37:15","2:36:10","3:07:53","4:47:10"
"846","13:33","22:47","47:09","1:37:18","2:36:16","3:08:00","4:47:22"
"845","-","-","47:10","1:37:21","2:36:22","3:08:07","4:47:34"
"844","13:34","22:48","47:12","1:37:24","2:36:28","3:08:15","4:47:46"
"843","-","22:49","47:14","1:37:28","2:36:33","3:08:22","4:47:57"
"842","13:35","22:50","47:15","1:37:31","2:36:39","3:08:29","4:48:09"
"841","-","22:51","47:17","1:37:34","2:36:45","3:08:36","4:48:21"
"840","13:36","-","47:18","1:37:38","2:36:51","3:08:43","4:48:33"
"839","-","22:52","47:20","1:37:41","2:36:57","3:08:51","4:48:45"
"838","13:37","22:53","47:22","1:37:44","2:37:02","3:08:58","4:48:57"
"837","-","22:54","47:23","1:37:47","2:37:08","3:09:05","4:49:08"
"836","13:38","22:55","47:25","1:37:51","2:37:14","3:09:12","4:49:20"
"835","-","22:56","47:27","1:37:54","2:37:20","3:09:19","4:49:32"
"834","13:39","-","47:28","1:37:57","2:37:25","3:09:27","4:49:44"
"833","-","22:57","47:30","1:38:01","2:37:31","3:09:34","4:49:56"
"832","13:40","22:58","47:32","1:38:04","2:37:37","3:09:41","4:50:08"
"831","-","22:59","47:33","1:38:07","2:37:43","3:09:48","4:50:20"
"830","13:41","23:00","47:35","1:38:11","2:37:49","3:09:55","4:50:32"
"829","-","23:01","47:36","1:38:14","2:37:55","3:10:03","4:50:43"
"828","13:42","-","47:38","1:38:17","2:38:00","3:10:10","4:50:55"
"827","-","23:02","47:40","1:38:21","2:38:06","3:10:17","4:51:07"
"826","13:43","23:03","47:41","1:38:24","2:38:12","3:10:24","4:51:19"
"825","-","23:04","47:43","1:38:27","2:38:18","3:10:32","4:51:31"
"824","13:44","23:05","47:45","1:38:31","2:38:24","3:10:39","4:51:43"
"823","-","23:06","47:46","1:38:34","2:38:29","3:10:46","4:51:55"
"822","13:45","-","47:48","1:38:37","2:38:35","3:10:53","4:52:07"
"821","-","23:07","47:50","1:38:41","2:38:41","3:11:01","4:52:19"
"820","13:46","23:08","47:51","1:38:44","2:38:47","3:11:08","4:52:31"
"819","-","23:09","47:53","1:38:47","2:38:53","3:11:15","4:52:43"
"818","13:47","23:10","47:55","1:38:51","2:38:59","3:11:23","4:52:55"
"817","-","23:11","47:56","1:38:54","2:39:04","3:11:30","4:53:07"
"816","13:48","-","47:58","1:38:57","2:39:10","3:11:37","4:53:19"
"815","-","23:12","48:00","1:39:01","2:39:16","3:11:44","4:53:31"
"814","13:49","23:13","48:01","1:39:04","2:39:22","3:11:52","4:53:43"
"813","-","23:14","48:03","1:39:07","2:39:28","3:11:59","4:53:55"
"812","13:50","23:15","48:05","1:39:11","2:39:34","3:12:06","4:54:07"
"811","-","23:16","48:06","1:39:14","2:39:40","3:12:14","4:54:19"
"810","13:51","-","48:08","1:39:17","2:39:46","3:12:21","4:54:31"
"809","-","23:17","48:09","1:39:21","2:39:51","3:12:28","4:54:43"
"808","13:52","23:18","48:11","1:39:24","2:39:57","3:12:36","4:54:55"
"807","-","23:19","48:13","1:39:28","2:40:03","3:12:43","4:55:07"
"806","13:53","23:20","48:14","1:39:31","2:40:09","3:12:50","4:55:19"
"805","13:54","23:21","48:16","1:39:34","2:40:15","3:12:58","4:55:32"
"804","-","23:22","48:18","1:39:38","2:40:21","3:13:05","4:55:44"
"803","13:55","-","48:19","1:39:41","2:40:27","3:13:12","4:55:56"
"802","-","23:23","48:21","1:39:44","2:40:33","3:13:20","4:56:08"
"801","13:56","23:24","48:23","1:39:48","2:40:39","3:13:27","4:56:20"
"800","-","23:25","48:24","1:39:51","2:40:45","3:13:34","4:56:32"
"799","13:57","23:26","48:26","1:39:55","2:40:50","3:13:42","4:56:44"
"798","-","23:27","48:28","1:39:58","2:40:56","3:13:49","4:56:56"
"797","13:58","-","48:30","1:40:01","2:41:02","3:13:57","4:57:09"
"796","-","23:28","48:31","1:40:05","2:41:08","3:14:04","4:57:21"
"795","13:59","23:29","48:33","1:40:08","2:41:14","3:14:11","4:57:33"
"794","-","23:30","48:35","1:40:11","2:41:20","3:14:19","4:57:45"
"793","14:00","23:31","48:36","1:40:15","2:41:26","3:14:26","4:57:57"
"792","-","23:32","48:38","1:40:18","2:41:32","3:14:33","4:58:09"
"791","14:01","23:33","48:40","1:40:22","2:41:38","3:14:41","4:58:22"
"790","-","-","48:41","1:40:25","2:41:44","3:14:48","4:58:34"
"789","14:02","23:34","48:43","1:40:28","2:41:50","3:14:56","4:58:46"
"788","-","23:35","48:45","1:40:32","2:41:56","3:15:03","4:58:58"
"787","14:03","23:36","48:46","1:40:35","2:42:02","3:15:11","4:59:10"
"786","-","23:37","48:48","1:40:39","2:42:08","3:15:18","4:59:23"
"785","14:04","23:38","48:50","1:40:42","2:42:14","3:15:25","4:59:35"
"784","-","23:39","48:51","1:40:45","2:42:20","3:15:33","4:59:47"
"783","14:05","-","48:53","1:40:49","2:42:26","3:15:40","4:59:59"
"782","-","23:40","48:55","1:40:52","2:42:32","3:15:48","5:00:12"
"781","14:06","23:41","48:56","1:40:56","2:42:38","3:15:55","5:00:24"
"780","-","23:42","48:58","1:40:59","2:42:44","3:16:03","5:00:36"
"779","14:07","23:43","49:00","1:41:03","2:42:50","3:16:10","5:00:48"
"778","-","23:44","49:02","1:41:06","2:42:56","3:16:18","5:01:01"
"777","14:08","23:45","49:03","1:41:09","2:43:02","3:16:25","5:01:13"
"776","-","-","49:05","1:41:13","2:43:08","3:16:33","5:01:25"
"775","14:09","23:46","49:07","1:41:16","2:43:14","3:16:40","5:01:38"
"774","-","23:47","49:08","1:41:20","2:43:20","3:16:47","5:01:50"
"773","14:10","23:48","49:10","1:41:23","2:43:26","3:16:55","5:02:02"
"772","-","23:49","49:12","1:41:27","2:43:32","3:17:02","5:02:15"
"771","14:11","23:50","49:13","1:41:30","2:43:38","3:17:10","5:02:27"
"770","-","23:51","49:15","1:41:34","2:43:44","3:17:17","5:02:39"
"769","14:12","-","49:17","1:41:37","2:43:50","3:17:25","5:02:52"
"768","-","23:52","49:19","1:41:40","2:43:56","3:17:32","5:03:04"
"767","14:13","23:53","49:20","1:41:44","2:44:02","3:17:40","5:03:17"
"766","14:14","23:54","49:22","1:41:47","2:44:08","3:17:48","5:03:29"
"765","-","23:55","49:24","1:41:51","2:44:14","3:17:55","5:03:41"
"764","14:15","23:56","49:25","1:41:54","2:44:20","3:18:03","5:03:54"
"763","-","23:57","49:27","1:41:58","2:44:26","3:18:10","5:04:06"
"762","14:16","-","49:29","1:42:01","2:44:32","3:18:18","5:04:19"
"761","-","23:58","49:31","1:42:05","2:44:38","3:18:25","5:04:31"
"760","14:17","23:59","49:32","1:42:08","2:44:44","3:18:33","5:04:43"
"759","-","24:00","49:34","1:42:12","2:44:50","3:18:40","5:04:56"
"758","14:18","24:01","49:36","1:42:15","2:44:56","3:18:48","5:05:08"
"757","-","24:02","49:37","1:42:18","2:45:02","3:18:55","5:05:21"
"756","14:19","24:03","49:39","1:42:22","2:45:08","3:19:03","5:05:33"
"755","-","24:04","49:41","1:42:25","2:45:15","3:19:11","5:05:46"
"754","14:20","-","49:43","1:42:29","2:45:21","3:19:18","5:05:58"
"753","-","24:05","49:44","1:42:32","2:45:27","3:19:26","5:06:11"
"752","14:21","24:06","49:46","1:42:36","2:45:33","3:19:33","5:06:23"
"751","-","24:07","49:48","1:42:39","2:45:39","3:19:41","5:06:36"
"750","14:22","24:08","49:49","1:42:43","2:45:45","3:19:49","5:06:48"
"749","-","24:09","49:51","1:42:46","2:45:51","3:19:56","5:07:01"
"748","14:23","24:10","49:53","1:42:50","2:45:57","3:20:04","5:07:13"
"747","-","24:11","49:55","1:42:53","2:46:03","3:20:11","5:07:26"
"746","14:24","-","49:56","1:42:57","2:46:10","3:20:19","5:07:39"
"745","14:25","24:12","49:58","1:43:00","2:46:16","3:20:27","5:07:51"
"744","-","24:13","50:00","1:43:04","2:46:22","3:20:34","5:08:04"
"743","14:26","24:14","50:02","1:43:07","2:46:28","3:20:42","5:08:16"
"742","-","24:15","50:03","1:43:11","2:46:34","3:20:50","5:08:29"
"741","14:27","24:16","50:05","1:43:14","2:46:40","3:20:57","5:08:41"
"740","-","24:17","50:07","1:43:18","2:46:46","3:21:05","5:08:54"
"739","14:28","24:18","50:09","1:43:21","2:46:53","3:21:13","5:09:07"
"738","-","-","50:10","1:43:25","2:46:59","3:21:20","5:09:19"
"737","14:29","24:19","50:12","1:43:28","2:47:05","3:21:28","5:09:32"
"736","-","24:20","50:14","1:43:32","2:47:11","3:21:36","5:09:45"
"735","14:30","24:21","50:15","1:43:35","2:47:17","3:21:43","5:09:57"
"734","-","24:22","50:17","1:43:39","2:47:23","3:21:51","5:10:10"
"733","14:31","24:23","50:19","1:43:43","2:47:30","3:21:59","5:10:23"
"732","-","24:24","50:21","1:43:46","2:47:36","3:22:06","5:10:35"
"731","14:32","24:25","50:22","1:43:50","2:47:42","3:22:14","5:10:48"
"730","-","24:26","50:24","1:43:53","2:47:48","3:22:22","5:11:01"
"729","14:33","-","50:26","1:43:57","2:47:54","3:22:30","5:11:13"
"728","14:34","24:27","50:28","1:44:00","2:48:00","3:22:37","5:11:26"
"727","-","24:28","50:29","1:44:04","2:48:07","3:22:45","5:11:39"
"726","14:35","24:29","50:31","1:44:07","2:48:13","3:22:53","5:11:51"
"725","-","24:30","50:33","1:44:11","2:48:19","3:23:00","5:12:04"
"724","14:36","24:31","50:35","1:44:14","2:48:25","3:23:08","5:12:17"
"723","-","24:32","50:36","1:44:18","2:48:32","3:23:16","5:12:30"
"722","14:37","24:33","50:38","1:44:22","2:48:38","3:23:24","5:12:42"
"721","-","24:34","50:40","1:44:25","2:48:44","3:23:31","5:12:55"
"720","14:38","-","50:42","1:44:29","2:48:50","3:23:39","5:13:08"
"719","-","24:35","50:44","1:44:32","2:48:56","3:23:47","5:13:21"
"718","14:39","24:36","50:45","1:44:36","2:49:03","3:23:55","5:13:34"
"717","-","24:37","50:47","1:44:39","2:49:09","3:24:02","5:13:46"
"716","14:40","24:38","50:49","1:44:43","2:49:15","3:24:10","5:13:59"
"715","-","24:39","50:51","1:44:47","2:49:21","3:24:18","5:14:12"
"714","14:41","24:40","50:52","1:44:50","2:49:28","3:24:26","5:14:25"
"713","14:42","24:41","50:54","1:44:54","2:49:34","3:24:34","5:14:38"
"712","-","24:42","50:56","1:44:57","2:49:40","3:24:41","5:14:51"
"711","14:43","-","50:58","1:45:01","2:49:47","3:24:49","5:15:03"
"710","-","24:43","50:59","1:45:04","2:49:53","3:24:57","5:15:16"
"709","14:44","24:44","51:01","1:45:08","2:49:59","3:25:05","5:15:29"
"708","-","24:45","51:03","1:45:12","2:50:05","3:25:13","5:15:42"
"707","14:45","24:46","51:05","1:45:15","2:50:12","3:25:21","5:15:55"
"706","-","24:47","51:07","1:45:19","2:50:18","3:25:28","5:16:08"
"705","14:46","24:48","51:08","1:45:22","2:50:24","3:25:36","5:16:21"
"704","-","24:49","51:10","1:45:26","2:50:31","3:25:44","5:16:34"
"703","14:47","24:50","51:12","1:45:30","2:50:37","3:25:52","5:16:47"
"702","-","24:51","51:14","1:45:33","2:50:43","3:26:00","5:17:00"
"701","14:48","24:52","51:15","1:45:37","2:50:50","3:26:08","5:17:13"
"700","14:49","-","51:17","1:45:40","2:50:56","3:26:16","5:17:26"
"699","-","24:53","51:19","1:45:44","2:51:02","3:26:23","5:17:38"
"698","14:50","24:54","51:21","1:45:48","2:51:08","3:26:31","5:17:51"
"697","-","24:55","51:23","1:45:51","2:51:15","3:26:39","5:18:04"
"696","14:51","24:56","51:24","1:45:55","2:51:21","3:26:47","5:18:17"
"695","-","24:57","51:26","1:45:59","2:51:28","3:26:55","5:18:30"
"694","14:52","24:58","51:28","1:46:02","2:51:34","3:27:03","5:18:43"
"693","-","24:59","51:30","1:46:06","2:51:40","3:27:11","5:18:57"
"692","14:53","25:00","51:32","1:46:09","2:51:47","3:27:19","5:19:10"
"691","-","25:01","51:33","1:46:13","2:51:53","3:27:27","5:19:23"
"690","14:54","-","51:35","1:46:17","2:51:59","3:27:35","5:19:36"
"689","14:55","25:02","51:37","1:46:20","2:52:06","3:27:42","5:19:49"
"688","-","25:03","51:39","1:46:24","2:52:12","3:27:50","5:20:02"
"687","14:56","25:04","51:41","1:46:28","2:52:18","3:27:58","5:20:15"
"686","-","25:05","51:42","1:46:31","2:52:25","3:28:06","5:20:28"
"685","14:57","25:06","51:44","1:46:35","2:52:31","3:28:14","5:20:41"
"684","-","25:07","51:46","1:46:39","2:52:38","3:28:22","5:20:54"
"683","14:58","25:08","51:48","1:46:42","2:52:44","3:28:30","5:21:07"
"682","-","25:09","51:50","1:46:46","2:52:50","3:28:38","5:21:20"
"681","14:59","25:10","51:51","1:46:50","2:52:57","3:28:46","5:21:34"
"680","15:00","25:11","51:53","1:46:53","2:53:03","3:28:54","5:21:47"
"679","-","25:12","51:55","1:46:57","2:53:10","3:29:02","5:22:00"
"678","15:01","-","51:57","1:47:01","2:53:16","3:29:10","5:22:13"
"677","-","25:13","51:59","1:47:04","2:53:22","3:29:18","5:22:26"
"676","15:02","25:14","52:01","1:47:08","2:53:29","3:29:26","5:22:39"
"675","-","25:15","52:02","1:47:12","2:53:35","3:29:34","5:22:53"
"674","15:03","25:16","52:04","1:47:15","2:53:42","3:29:42","5:23:06"
"673","-","25:17","52:06","1:47:19","2:53:48","3:29:50","5:23:19"
"672","15:04","25:18","52:08","1:47:23","2:53:55","3:29:58","5:23:32"
"671","15:05","25:19","52:10","1:47:26","2:54:01","3:30:06","5:23:46"
"670","-","25:20","52:11","1:47:30","2:54:08","3:30:14","5:23:59"
"669","15:06","25:21","52:13","1:47:34","2:54:14","3:30:22","5:24:12"
"668","-","25:22","52:15","1:47:37","2:54:21","3:30:30","5:24:25"
"667","15:07","25:23","52:17","1:47:41","2:54:27","3:30:39","5:24:39"
"666","-","25:24","52:19","1:47:45","2:54:34","3:30:47","5:24:52"
"665","15:08","-","52:21","1:47:49","2:54:40","3:30:55","5:25:05"
"664","-","25:25","52:22","1:47:52","2:54:47","3:31:03","5:25:19"
"663","15:09","25:26","52:24","1:47:56","2:54:53","3:31:11","5:25:32"
"662","15:10","25:27","52:26","1:48:00","2:54:59","3:31:19","5:25:45"
"661","-","25:28","52:28","1:48:03","2:55:06","3:31:27","5:25:58"
"660","15:11","25:29","52:30","1:48:07","2:55:13","3:31:35","5:26:12"
"659","-","25:30","52:32","1:48:11","2:55:19","3:31:43","5:26:25"
"658","15:12","25:31","52:33","1:48:15","2:55:26","3:31:51","5:26:39"
"657","-","25:32","52:35","1:48:18","2:55:32","3:31:59","5:26:52"
"656","15:13","25:33","52:37","1:48:22","2:55:39","3:32:08","5:27:05"
"655","-","25:34","52:39","1:48:26","2:55:45","3:32:16","5:27:19"
"654","15:14","25:35","52:41","1:48:29","2:55:52","3:32:24","5:27:32"
"653","15:15","25:36","52:43","1:48:33","2:55:58","3:32:32","5:27:46"
"652","-","25:37","52:45","1:48:37","2:56:05","3:32:40","5:27:59"
"651","15:16","25:38","52:46","1:48:41","2:56:11","3:32:48","5:28:12"
"650","-","25:39","52:48","1:48:44","2:56:18","3:32:57","5:28:26"
"649","15:17","-","52:50","1:48:48","2:56:24","3:33:05","5:28:39"
"648","-","25:40","52:52","1:48:52","2:56:31","3:33:13","5:28:53"
"647","15:18","25:41","52:54","1:48:56","2:56:38","3:33:21","5:29:06"
"646","15:19","25:42","52:56","1:48:59","2:56:44","3:33:29","5:29:20"
"645","-","25:43","52:58","1:49:03","2:56:51","3:33:37","5:29:33"
"644","15:20","25:44","52:59","1:49:07","2:56:57","3:33:46","5:29:47"
"643","-","25:45","53:01","1:49:11","2:57:04","3:33:54","5:30:00"
"642","15:21","25:46","53:03","1:49:15","2:57:11","3:34:02","5:30:14"
"641","-","25:47","53:05","1:49:18","2:57:17","3:34:10","5:30:27"
"640","15:22","25:48","53:07","1:49:22","2:57:24","3:34:19","5:30:41"
"639","-","25:49","53:09","1:49:26","2:57:30","3:34:27","5:30:55"
"638","15:23","25:50","53:11","1:49:30","2:57:37","3:34:35","5:31:08"
"637","15:24","25:51","53:13","1:49:33","2:57:44","3:34:43","5:31:22"
"636","-","25:52","53:14","1:49:37","2:57:50","3:34:52","5:31:35"
"635","15:25","25:53","53:16","1:49:41","2:57:57","3:35:00","5:31:49"
"634","-","25:54","53:18","1:49:45","2:58:04","3:35:08","5:32:03"
"633","15:26","25:55","53:20","1:49:49","2:58:10","3:35:16","5:32:16"
"632","-","25:56","53:22","1:49:52","2:58:17","3:35:25","5:32:30"
"631","15:27","-","53:24","1:49:56","2:58:24","3:35:33","5:32:43"
"630","15:28","25:57","53:26","1:50:00","2:58:30","3:35:41","5:32:57"
"629","-","25:58","53:28","1:50:04","2:58:37","3:35:50","5:33:11"
"628","15:29","25:59","53:29","1:50:08","2:58:44","3:35:58","5:33:24"
"627","-","26:00","53:31","1:50:11","2:58:50","3:36:06","5:33:38"
"626","15:30","26:01","53:33","1:50:15","2:58:57","3:36:15","5:33:52"
"625","15:31","26:02","53:35","1:50:19","2:59:04","3:36:23","5:34:06"
"624","-","26:03","53:37","1:50:23","2:59:10","3:36:31","5:34:19"
"623","15:32","26:04","53:39","1:50:27","2:59:17","3:36:40","5:34:33"
"622","-","26:05","53:41","1:50:31","2:59:24","3:36:48","5:34:47"
"621","15:33","26:06","53:43","1:50:34","2:59:30","3:36:56","5:35:01"
"620","-","26:07","53:45","1:50:38","2:59:37","3:37:05","5:35:14"
"619","15:34","26:08","53:46","1:50:42","2:59:44","3:37:13","5:35:28"
"618","15:35","26:09","53:48","1:50:46","2:59:51","3:37:21","5:35:42"
"617","-","26:10","53:50","1:50:50","2:59:57","3:37:30","5:35:56"
"616","15:36","26:11","53:52","1:50:54","3:00:04","3:37:38","5:36:10"
"615","-","26:12","53:54","1:50:58","3:00:11","3:37:47","5:36:23"
"614","15:37","26:13","53:56","1:51:01","3:00:18","3:37:55","5:36:37"
"613","-","26:14","53:58","1:51:05","3:00:24","3:38:03","5:36:51"
"612","15:38","26:15","54:00","1:51:09","3:00:31","3:38:12","5:37:05"
"611","15:39","26:16","54:02","1:51:13","3:00:38","3:38:20","5:37:19"
"610","-","26:17","54:04","1:51:17","3:00:45","3:38:29","5:37:33"
"609","15:40","26:18","54:06","1:51:21","3:00:51","3:38:37","5:37:47"
"608","-","26:19","54:07","1:51:25","3:00:58","3:38:45","5:38:01"
"607","15:41","26:20","54:09","1:51:28","3:01:05","3:38:54","5:38:14"
"606","15:42","26:21","54:11","1:51:32","3:01:12","3:39:02","5:38:28"
"605","-","26:22","54:13","1:51:36","3:01:19","3:39:11","5:38:42"
"604","15:43","26:23","54:15","1:51:40","3:01:25","3:39:19","5:38:56"
"603","-","-","54:17","1:51:44","3:01:32","3:39:28","5:39:10"
"602","15:44","26:24","54:19","1:51:48","3:01:39","3:39:36","5:39:24"
"601","-","26:25","54:21","1:51:52","3:01:46","3:39:45","5:39:38"
"600","15:45","26:26","54:23","1:51:56","3:01:53","3:39:53","5:39:52"
"599","15:46","26:27","54:25","1:52:00","3:01:59","3:40:02","5:40:06"
"598","-","26:28","54:27","1:52:04","3:02:06","3:40:10","5:40:20"
"597","15:47","26:29","54:29","1:52:07","3:02:13","3:40:19","5:40:34"
"596","-","26:30","54:31","1:52:11","3:02:20","3:40:27","5:40:48"
"595","15:48","26:31","54:33","1:52:15","3:02:27","3:40:36","5:41:02"
"594","15:49","26:32","54:34","1:52:19","3:02:34","3:40:44","5:41:16"
"593","-","26:33","54:36","1:52:23","3:02:41","3:40:53","5:41:31"
"592","15:50","26:34","54:38","1:52:27","3:02:47","3:41:02","5:41:45"
"591","-","26:35","54:40","1:52:31","3:02:54","3:41:10","5:41:59"
"590","15:51","26:36","54:42","1:52:35","3:03:01","3:41:19","5:42:13"
"589","15:52","26:37","54:44","1:52:39","3:03:08","3:41:27","5:42:27"
"588","-","26:38","54:46","1:52:43","3:03:15","3:41:36","5:42:41"
"587","15:53","26:39","54:48","1:52:47","3:03:22","3:41:44","5:42:55"
"586","-","26:40","54:50","1:52:51","3:03:29","3:41:53","5:43:09"
"585","15:54","26:41","54:52","1:52:55","3:03:36","3:42:02","5:43:24"
"584","-","26:42","54:54","1:52:59","3:03:43","3:42:10","5:43:38"
"583","15:55","26:43","54:56","1:53:03","3:03:50","3:42:19","5:43:52"
"582","15:56","26:44","54:58","1:53:07","3:03:56","3:42:28","5:44:06"
"581","-","26:45","55:00","1:53:10","3:04:03","3:42:36","5:44:20"
"580","15:57","26:46","55:02","1:53:14","3:04:10","3:42:45","5:44:35"
"579","-","26:47","55:04","1:53:18","3:04:17","3:42:53","5:44:49"
"578","15:58","26:48","55:06","1:53:22","3:04:24","3:43:02","5:45:03"
"577","15:59","26:49","55:08","1:53:26","3:04:31","3:43:11","5:45:17"
"576","-","26:50","55:10","1:53:30","3:04:38","3:43:20","5:45:32"
"575","16:00","26:51","55:12","1:53:34","3:04:45","3:43:28","5:45:46"
"574","-","26:52","55:14","1:53:38","3:04:52","3:43:37","5:46:00"
"573","16:01","26:53","55:16","1:53:42","3:04:59","3:43:46","5:46:15"
"572","16:02","26:54","55:18","1:53:46","3:05:06","3:43:54","5:46:29"
"571","-","26:55","55:20","1:53:50","3:05:13","3:44:03","5:46:43"
"570","16:03","26:56","55:22","1:53:54","3:05:20","3:44:12","5:46:58"
"569","-","26:57","55:24","1:53:58","3:05:27","3:44:20","5:47:12"
"568","16:04","26:58","55:26","1:54:02","3:05:34","3:44:29","5:47:27"
"567","16:05","26:59","55:27","1:54:06","3:05:41","3:44:38","5:47:41"
"566","-","27:00","55:29","1:54:10","3:05:48","3:44:47","5:47:55"
"565","16:06","27:01","55:31","1:54:14","3:05:55","3:44:55","5:48:10"
"564","-","27:02","55:33","1:54:18","3:06:02","3:45:04","5:48:24"
"563","16:07","27:03","55:35","1:54:22","3:06:09","3:45:13","5:48:39"
"562","16:08","27:04","55:37","1:54:26","3:06:16","3:45:22","5:48:53"
"561","-","27:05","55:39","1:54:30","3:06:23","3:45:31","5:49:08"
"560","16:09","27:06","55:41","1:54:35","3:06:31","3:45:39","5:49:22"
"559","16:10","27:07","55:43","1:54:39","3:06:38","3:45:48","5:49:37"
"558","-","27:08","55:45","1:54:43","3:06:45","3:45:57","5:49:51"
"557","16:11","27:09","55:47","1:54:47","3:06:52","3:46:06","5:50:06"
"556","-","27:10","55:49","1:54:51","3:06:59","3:46:15","5:50:20"
"555","16:12","27:11","55:51","1:54:55","3:07:06","3:46:23","5:50:35"
"554","16:13","27:12","55:53","1:54:59","3:07:13","3:46:32","5:50:49"
"553","-","27:13","55:55","1:55:03","3:07:20","3:46:41","5:51:04"
"552","16:14","27:14","55:57","1:55:07","3:07:27","3:46:50","5:51:18"
"551","-","27:15","55:59","1:55:11","3:07:34","3:46:59","5:51:33"
"550","16:15","27:16","56:02","1:55:15","3:07:42","3:47:08","5:51:48"
"549","16:16","27:17","56:04","1:55:19","3:07:49","3:47:17","5:52:02"
"548","-","27:18","56:06","1:55:23","3:07:56","3:47:26","5:52:17"
"547","16:17","27:19","56:08","1:55:27","3:08:03","3:47:34","5:52:32"
"546","-","27:20","56:10","1:55:31","3:08:10","3:47:43","5:52:46"
"545","16:18","27:21","56:12","1:55:36","3:08:17","3:47:52","5:53:01"
"544","16:19","27:22","56:14","1:55:40","3:08:24","3:48:01","5:53:16"
"543","-","27:24","56:16","1:55:44","3:08:32","3:48:10","5:53:30"
"542","16:20","27:25","56:18","1:55:48","3:08:39","3:48:19","5:53:45"
"541","16:21","27:26","56:20","1:55:52","3:08:46","3:48:28","5:54:00"
"540","-","27:27","56:22","1:55:56","3:08:53","3:48:37","5:54:15"
"539","16:22","27:28","56:24","1:56:00","3:09:00","3:48:46","5:54:29"
"538","-","27:29","56:26","1:56:04","3:09:08","3:48:55","5:54:44"
"537","16:23","27:30","56:28","1:56:08","3:09:15","3:49:04","5:54:59"
"536","16:24","27:31","56:30","1:56:13","3:09:22","3:49:13","5:55:14"
"535","-","27:32","56:32","1:56:17","3:09:29","3:49:22","5:55:29"
"534","16:25","27:33","56:34","1:56:21","3:09:37","3:49:31","5:55:44"
"533","16:26","27:34","56:36","1:56:25","3:09:44","3:49:40","5:55:58"
"532","-","27:35","56:38","1:56:29","3:09:51","3:49:49","5:56:13"
"531","16:27","27:36","56:40","1:56:33","3:09:58","3:49:58","5:56:28"
"530","-","27:37","56:42","1:56:37","3:10:06","3:50:07","5:56:43"
"529","16:28","27:38","56:44","1:56:42","3:10:13","3:50:16","5:56:58"
"528","16:29","27:39","56:46","1:56:46","3:10:20","3:50:25","5:57:13"
"527","-","27:40","56:48","1:56:50","3:10:27","3:50:34","5:57:28"
"526","16:30","27:41","56:50","1:56:54","3:10:35","3:50:43","5:57:43"
"525","16:31","27:42","56:53","1:56:58","3:10:42","3:50:52","5:57:58"
"524","-","27:43","56:55","1:57:02","3:10:49","3:51:02","5:58:13"
"523","16:32","27:44","56:57","1:57:07","3:10:57","3:51:11","5:58:28"
"522","-","27:45","56:59","1:57:11","3:11:04","3:51:20","5:58:43"
"521","16:33","27:46","57:01","1:57:15","3:11:11","3:51:29","5:58:58"
"520","16:34","27:47","57:03","1:57:19","3:11:19","3:51:38","5:59:13"
"519","-","27:48","57:05","1:57:23","3:11:26","3:51:47","5:59:28"
"518","16:35","27:50","57:07","1:57:28","3:11:33","3:51:56","5:59:43"
"517","16:36","27:51","57:09","1:57:32","3:11:41","3:52:05","5:59:58"
"516","-","27:52","57:11","1:57:36","3:11:48","3:52:15","6:00:13"
"515","16:37","27:53","57:13","1:57:40","3:11:55","3:52:24","6:00:28"
"514","-","27:54","57:15","1:57:44","3:12:03","3:52:33","6:00:43"
"513","16:38","27:55","57:17","1:57:49","3:12:10","3:52:42","6:00:58"
"512","16:39","27:56","57:19","1:57:53","3:12:18","3:52:51","6:01:14"
"511","-","27:57","57:22","1:57:57","3:12:25","3:53:01","6:01:29"
"510","16:40","27:58","57:24","1:58:01","3:12:32","3:53:10","6:01:44"
"509","16:41","27:59","57:26","1:58:05","3:12:40","3:53:19","6:01:59"
"508","-","28:00","57:28","1:58:10","3:12:47","3:53:28","6:02:14"
"507","16:42","28:01","57:30","1:58:14","3:12:55","3:53:38","6:02:30"
"506","16:43","28:02","57:32","1:58:18","3:13:02","3:53:47","6:02:45"
"505","-","28:03","57:34","1:58:22","3:13:09","3:53:56","6:03:00"
"504","16:44","28:04","57:36","1:58:27","3:13:17","3:54:05","6:03:15"
"503","-","28:05","57:38","1:58:31","3:13:24","3:54:15","6:03:31"
"502","16:45","28:06","57:40","1:58:35","3:13:32","3:54:24","6:03:46"
"501","16:46","28:08","57:43","1:58:40","3:13:39","3:54:33","6:04:01"
"500","-","28:09","57:45","1:58:44","3:13:47","3:54:43","6:04:17"
"499","16:47","28:10","57:47","1:58:48","3:13:54","3:54:52","6:04:32"
"498","16:48","28:11","57:49","1:58:52","3:14:02","3:55:01","6:04:47"
"497","-","28:12","57:51","1:58:57","3:14:09","3:55:11","6:05:03"
"496","16:49","28:13","57:53","1:59:01","3:14:17","3:55:20","6:05:18"
"495","16:50","28:14","57:55","1:59:05","3:14:24","3:55:29","6:05:33"
"494","-","28:15","57:57","1:59:10","3:14:32","3:55:39","6:05:49"
"493","16:51","28:16","58:00","1:59:14","3:14:39","3:55:48","6:06:04"
"492","16:52","28:17","58:02","1:59:18","3:14:47","3:55:57","6:06:20"
"491","-","28:18","58:04","1:59:22","3:14:54","3:56:07","6:06:35"
"490","16:53","28:19","58:06","1:59:27","3:15:02","3:56:16","6:06:51"
"489","16:54","28:20","58:08","1:59:31","3:15:10","3:56:26","6:07:06"
"488","-","28:22","58:10","1:59:35","3:15:17","3:56:35","6:07:22"
"487","16:55","28:23","58:12","1:59:40","3:15:25","3:56:44","6:07:37"
"486","-","28:24","58:15","1:59:44","3:15:32","3:56:54","6:07:53"
"485","16:56","28:25","58:17","1:59:48","3:15:40","3:57:03","6:08:08"
"484","16:57","28:26","58:19","1:59:53","3:15:47","3:57:13","6:08:24"
"483","-","28:27","58:21","1:59:57","3:15:55","3:57:22","6:08:40"
"482","16:58","28:28","58:23","2:00:01","3:16:03","3:57:32","6:08:55"
"481","16:59","28:29","58:25","2:00:06","3:16:10","3:57:41","6:09:11"
"480","-","28:30","58:27","2:00:10","3:16:18","3:57:51","6:09:27"
"479","17:00","28:31","58:30","2:00:15","3:16:26","3:58:00","6:09:42"
"478","17:01","28:32","58:32","2:00:19","3:16:33","3:58:10","6:09:58"
"477","-","28:34","58:34","2:00:23","3:16:41","3:58:19","6:10:14"
"476","17:02","28:35","58:36","2:00:28","3:16:49","3:58:29","6:10:29"
"475","17:03","28:36","58:38","2:00:32","3:16:56","3:58:38","6:10:45"
"474","-","28:37","58:40","2:00:36","3:17:04","3:58:48","6:11:01"
"473","17:04","28:38","58:43","2:00:41","3:17:12","3:58:58","6:11:17"
"472","17:05","28:39","58:45","2:00:45","3:17:19","3:59:07","6:11:32"
"471","-","28:40","58:47","2:00:50","3:17:27","3:59:17","6:11:48"
"470","17:06","28:41","58:49","2:00:54","3:17:35","3:59:26","6:12:04"
"469","17:07","28:42","58:51","2:00:58","3:17:42","3:59:36","6:12:20"
"468","-","28:43","58:54","2:01:03","3:17:50","3:59:46","6:12:36"
"467","17:08","28:45","58:56","2:01:07","3:17:58","3:59:55","6:12:52"
"466","17:09","28:46","58:58","2:01:12","3:18:06","4:00:05","6:13:07"
"465","-","28:47","59:00","2:01:16","3:18:13","4:00:15","6:13:23"
"464","17:10","28:48","59:02","2:01:21","3:18:21","4:00:24","6:13:39"
"463","17:11","28:49","59:04","2:01:25","3:18:29","4:00:34","6:13:55"
"462","-","28:50","59:07","2:01:29","3:18:37","4:00:44","6:14:11"
"461","17:12","28:51","59:09","2:01:34","3:18:45","4:00:53","6:14:27"
"460","17:13","28:52","59:11","2:01:38","3:18:52","4:01:03","6:14:43"
"459","-","28:53","59:13","2:01:43","3:19:00","4:01:13","6:14:59"
"458","17:14","28:55","59:15","2:01:47","3:19:08","4:01:22","6:15:15"
"457","17:15","28:56","59:18","2:01:52","3:19:16","4:01:32","6:15:31"
"456","-","28:57","59:20","2:01:56","3:19:24","4:01:42","6:15:47"
"455","17:16","28:58","59:22","2:02:01","3:19:31","4:01:52","6:16:03"
"454","17:17","28:59","59:24","2:02:05","3:19:39","4:02:01","6:16:19"
"453","-","29:00","59:27","2:02:10","3:19:47","4:02:11","6:16:35"
"452","17:18","29:01","59:29","2:02:14","3:19:55","4:02:21","6:16:52"
"451","17:19","29:02","59:31","2:02:19","3:20:03","4:02:31","6:17:08"
"450","-","29:04","59:33","2:02:23","3:20:11","4:02:41","6:17:24"
"449","17:20","29:05","59:35","2:02:28","3:20:19","4:02:50","6:17:40"
"448","17:21","29:06","59:38","2:02:32","3:20:27","4:03:00","6:17:56"
"447","-","29:07","59:40","2:02:37","3:20:34","4:03:10","6:18:13"
"446","17:22","29:08","59:42","2:02:41","3:20:42","4:03:20","6:18:29"
"445","17:23","29:09","59:44","2:02:46","3:20:50","4:03:30","6:18:45"
"444","-","29:10","59:47","2:02:50","3:20:58","4:03:40","6:19:01"
"443","17:24","29:12","59:49","2:02:55","3:21:06","4:03:50","6:19:18"
"442","17:25","29:13","59:51","2:02:59","3:21:14","4:04:00","6:19:34"
"441","17:26","29:14","59:53","2:03:04","3:21:22","4:04:10","6:19:50"
"440","-","29:15","59:56","2:03:09","3:21:30","4:04:19","6:20:07"
"439","17:27","29:16","59:58","2:03:13","3:21:38","4:04:29","6:20:23"
"438","17:28","29:17","1:00:00","2:03:18","3:21:46","4:04:39","6:20:39"
"437","-","29:18","1:00:02","2:03:22","3:21:54","4:04:49","6:20:56"
"436","17:29","29:20","1:00:05","2:03:27","3:22:02","4:04:59","6:21:12"
"435","17:30","29:21","1:00:07","2:03:31","3:22:10","4:05:09","6:21:29"
"434","-","29:22","1:00:09","2:03:36","3:22:18","4:05:19","6:21:45"
"433","17:31","29:23","1:00:12","2:03:41","3:22:26","4:05:29","6:22:02"
"432","17:32","29:24","1:00:14","2:03:45","3:22:34","4:05:39","6:22:18"
"431","-","29:25","1:00:16","2:03:50","3:22:42","4:05:49","6:22:35"
"430","17:33","29:26","1:00:18","2:03:54","3:22:50","4:05:59","6:22:51"
"429","17:34","29:28","1:00:21","2:03:59","3:22:58","4:06:09","6:23:08"
"428","17:35","29:29","1:00:23","2:04:04","3:23:06","4:06:19","6:23:24"
"427","-","29:30","1:00:25","2:04:08","3:23:15","4:06:30","6:23:41"
"426","17:36","29:31","1:00:27","2:04:13","3:23:23","4:06:40","6:23:57"
"425","17:37","29:32","1:00:30","2:04:18","3:23:31","4:06:50","6:24:14"
"424","-","29:33","1:00:32","2:04:22","3:23:39","4:07:00","6:24:31"
"423","17:38","29:35","1:00:34","2:04:27","3:23:47","4:07:10","6:24:47"
"422","17:39","29:36","1:00:37","2:04:31","3:23:55","4:07:20","6:25:04"
"421","-","29:37","1:00:39","2:04:36","3:24:03","4:07:30","6:25:21"
"420","17:40","29:38","1:00:41","2:04:41","3:24:11","4:07:40","6:25:37"
"419","17:41","29:39","1:00:44","2:04:45","3:24:20","4:07:51","6:25:54"
"418","17:42","29:40","1:00:46","2:04:50","3:24:28","4:08:01","6:26:11"
"417","-","29:42","1:00:48","2:04:55","3:24:36","4:08:11","6:26:28"
"416","17:43","29:43","1:00:51","2:04:59","3:24:44","4:08:21","6:26:45"
"415","17:44","29:44","1:00:53","2:05:04","3:24:52","4:08:31","6:27:01"
"414","-","29:45","1:00:55","2:05:09","3:25:01","4:08:42","6:27:18"
"413","17:45","29:46","1:00:57","2:05:14","3:25:09","4:08:52","6:27:35"
"412","17:46","29:47","1:01:00","2:05:18","3:25:17","4:09:02","6:27:52"
"411","-","29:49","1:01:02","2:05:23","3:25:25","4:09:12","6:28:09"
"410","17:47","29:50","1:01:04","2:05:28","3:25:34","4:09:23","6:28:26"
"409","17:48","29:51","1:01:07","2:05:32","3:25:42","4:09:33","6:28:43"
"408","17:49","29:52","1:01:09","2:05:37","3:25:50","4:09:43","6:29:00"
"407","-","29:53","1:01:12","2:05:42","3:25:58","4:09:54","6:29:17"
"406","17:50","29:55","1:01:14","2:05:47","3:26:07","4:10:04","6:29:34"
"405","17:51","29:56","1:01:16","2:05:51","3:26:15","4:10:14","6:29:51"
"404","-","29:57","1:01:19","2:05:56","3:26:23","4:10:25","6:30:08"
"403","17:52","29:58","1:01:21","2:06:01","3:26:32","4:10:35","6:30:25"
"402","17:53","29:59","1:01:23","2:06:06","3:26:40","4:10:45","6:30:42"
"401","17:54","30:00","1:01:26","2:06:10","3:26:48","4:10:56","6:30:59"
"400","-","30:02","1:01:28","2:06:15","3:26:57","4:11:06","6:31:16"
"399","17:55","30:03","1:01:30","2:06:20","3:27:05","4:11:17","6:31:34"
"398","17:56","30:04","1:01:33","2:06:25","3:27:14","4:11:27","6:31:51"
"397","-","30:05","1:01:35","2:06:30","3:27:22","4:11:37","6:32:08"
"396","17:57","30:06","1:01:37","2:06:34","3:27:30","4:11:48","6:32:25"
"395","17:58","30:08","1:01:40","2:06:39","3:27:39","4:11:58","6:32:42"
"394","17:59","30:09","1:01:42","2:06:44","3:27:47","4:12:09","6:33:00"
"393","-","30:10","1:01:45","2:06:49","3:27:56","4:12:19","6:33:17"
"392","18:00","30:11","1:01:47","2:06:54","3:28:04","4:12:30","6:33:34"
"391","18:01","30:13","1:01:49","2:06:58","3:28:12","4:12:40","6:33:52"
"390","18:02","30:14","1:01:52","2:07:03","3:28:21","4:12:51","6:34:09"
"389","-","30:15","1:01:54","2:07:08","3:28:29","4:13:02","6:34:26"
"388","18:03","30:16","1:01:57","2:07:13","3:28:38","4:13:12","6:34:44"
"387","18:04","30:17","1:01:59","2:07:18","3:28:46","4:13:23","6:35:01"
"386","-","30:19","1:02:01","2:07:23","3:28:55","4:13:33","6:35:19"
"385","18:05","30:20","1:02:04","2:07:28","3:29:03","4:13:44","6:35:36"
"384","18:06","30:21","1:02:06","2:07:32","3:29:12","4:13:55","6:35:54"
"383","18:07","30:22","1:02:09","2:07:37","3:29:21","4:14:05","6:36:11"
"382","-","30:23","1:02:11","2:07:42","3:29:29","4:14:16","6:36:29"
"381","18:08","30:25","1:02:13","2:07:47","3:29:38","4:14:26","6:36:46"
"380","18:09","30:26","1:02:16","2:07:52","3:29:46","4:14:37","6:37:04"
"379","18:10","30:27","1:02:18","2:07:57","3:29:55","4:14:48","6:37:21"
"378","-","30:28","1:02:21","2:08:02","3:30:03","4:14:59","6:37:39"
"377","18:11","30:30","1:02:23","2:08:07","3:30:12","4:15:09","6:37:57"
"376","18:12","30:31","1:02:26","2:08:12","3:30:21","4:15:20","6:38:14"
"375","18:13","30:32","1:02:28","2:08:17","3:30:29","4:15:31","6:38:32"
"374","-","30:33","1:02:30","2:08:22","3:30:38","4:15:42","6:38:50"
"373","18:14","30:35","1:02:33","2:08:27","3:30:47","4:15:52","6:39:08"
"372","18:15","30:36","1:02:35","2:08:31","3:30:55","4:16:03","6:39:25"
"371","18:16","30:37","1:02:38","2:08:36","3:31:04","4:16:14","6:39:43"
"370","-","30:38","1:02:40","2:08:41","3:31:13","4:16:25","6:40:01"
"369","18:17","30:40","1:02:43","2:08:46","3:31:21","4:16:36","6:40:19"
"368","18:18","30:41","1:02:45","2:08:51","3:31:30","4:16:46","6:40:37"
"367","18:19","30:42","1:02:48","2:08:56","3:31:39","4:16:57","6:40:55"
"366","-","30:43","1:02:50","2:09:01","3:31:48","4:17:08","6:41:13"
"365","18:20","30:45","1:02:53","2:09:06","3:31:56","4:17:19","6:41:31"
"364","18:21","30:46","1:02:55","2:09:11","3:32:05","4:17:30","6:41:48"
"363","18:22","30:47","1:02:58","2:09:16","3:32:14","4:17:41","6:42:06"
"362","-","30:48","1:03:00","2:09:21","3:32:23","4:17:52","6:42:24"
"361","18:23","30:50","1:03:03","2:09:26","3:32:31","4:18:03","6:42:43"
"360","18:24","30:51","1:03:05","2:09:31","3:32:40","4:18:14","6:43:01"
"359","18:25","30:52","1:03:08","2:09:36","3:32:49","4:18:25","6:43:19"
"358","-","30:53","1:03:10","2:09:42","3:32:58","4:18:36","6:43:37"
"357","18:26","30:55","1:03:13","2:09:47","3:33:07","4:18:47","6:43:55"
"356","18:27","30:56","1:03:15","2:09:52","3:33:16","4:18:58","6:44:13"
"355","18:28","30:57","1:03:18","2:09:57","3:33:24","4:19:09","6:44:31"
"354","-","30:58","1:03:20","2:10:02","3:33:33","4:19:20","6:44:50"
"353","18:29","31:00","1:03:23","2:10:07","3:33:42","4:19:31","6:45:08"
"352","18:30","31:01","1:03:25","2:10:12","3:33:51","4:19:42","6:45:26"
"351","18:31","31:02","1:03:28","2:10:17","3:34:00","4:19:53","6:45:44"
"350","-","31:04","1:03:30","2:10:22","3:34:09","4:20:04","6:46:03"
"349","18:32","31:05","1:03:33","2:10:27","3:34:18","4:20:16","6:46:21"
"348","18:33","31:06","1:03:35","2:10:32","3:34:27","4:20:27","6:46:39"
"347","18:34","31:07","1:03:38","2:10:38","3:34:36","4:20:38","6:46:58"
"346","18:35","31:09","1:03:40","2:10:43","3:34:45","4:20:49","6:47:16"
"345","-","31:10","1:03:43","2:10:48","3:34:54","4:21:00","6:47:35"
"344","18:36","31:11","1:03:45","2:10:53","3:35:03","4:21:11","6:47:53"
"343","18:37","31:13","1:03:48","2:10:58","3:35:12","4:21:23","6:48:12"
"342","18:38","31:14","1:03:50","2:11:03","3:35:21","4:21:34","6:48:30"
"341","-","31:15","1:03:53","2:11:08","3:35:30","4:21:45","6:48:49"
"340","18:39","31:16","1:03:56","2:11:14","3:35:39","4:21:57","6:49:07"
"339","18:40","31:18","1:03:58","2:11:19","3:35:48","4:22:08","6:49:26"
"338","18:41","31:19","1:04:01","2:11:24","3:35:57","4:22:19","6:49:45"
"337","18:42","31:20","1:04:03","2:11:29","3:36:06","4:22:31","6:50:03"
"336","-","31:22","1:04:06","2:11:34","3:36:15","4:22:42","6:50:22"
"335","18:43","31:23","1:04:08","2:11:40","3:36:25","4:22:53","6:50:41"
"334","18:44","31:24","1:04:11","2:11:45","3:36:34","4:23:05","6:51:00"
"333","18:45","31:26","1:04:14","2:11:50","3:36:43","4:23:16","6:51:18"
"332","-","31:27","1:04:16","2:11:55","3:36:52","4:23:27","6:51:37"
"331","18:46","31:28","1:04:19","2:12:01","3:37:01","4:23:39","6:51:56"
"330","18:47","31:30","1:04:21","2:12:06","3:37:11","4:23:50","6:52:15"
"329","18:48","31:31","1:04:24","2:12:11","3:37:20","4:24:02","6:52:34"
"328","18:49","31:32","1:04:27","2:12:16","3:37:29","4:24:13","6:52:53"
"327","-","31:33","1:04:29","2:12:22","3:37:38","4:24:25","6:53:12"
"326","18:50","31:35","1:04:32","2:12:27","3:37:47","4:24:36","6:53:31"
"325","18:51","31:36","1:04:35","2:12:32","3:37:57","4:24:48","6:53:50"
"324","18:52","31:37","1:04:37","2:12:38","3:38:06","4:25:00","6:54:09"
"323","18:53","31:39","1:04:40","2:12:43","3:38:15","4:25:11","6:54:28"
"322","-","31:40","1:04:42","2:12:48","3:38:25","4:25:23","6:54:47"
"321","18:54","31:41","1:04:45","2:12:54","3:38:34","4:25:34","6:55:06"
"320","18:55","31:43","1:04:48","2:12:59","3:38:43","4:25:46","6:55:25"
"319","18:56","31:44","1:04:50","2:13:04","3:38:53","4:25:58","6:55:44"
"318","18:57","31:45","1:04:53","2:13:10","3:39:02","4:26:09","6:56:04"
"317","-","31:47","1:04:56","2:13:15","3:39:11","4:26:21","6:56:23"
"316","18:58","31:48","1:04:58","2:13:20","3:39:21","4:26:33","6:56:42"
"315","18:59","31:50","1:05:01","2:13:26","3:39:30","4:26:44","6:57:01"
"314","19:00","31:51","1:05:04","2:13:31","3:39:40","4:26:56","6:57:21"
"313","19:01","31:52","1:05:06","2:13:37","3:39:49","4:27:08","6:57:40"
"312","-","31:54","1:05:09","2:13:42","3:39:59","4:27:20","6:58:00"
"311","19:02","31:55","1:05:12","2:13:47","3:40:08","4:27:32","6:58:19"
"310","19:03","31:56","1:05:14","2:13:53","3:40:18","4:27:43","6:58:38"
"309","19:04","31:58","1:05:17","2:13:58","3:40:27","4:27:55","6:58:58"
"308","19:05","31:59","1:05:20","2:14:04","3:40:37","4:28:07","6:59:18"
"307","19:06","32:00","1:05:22","2:14:09","3:40:46","4:28:19","6:59:37"
"306","-","32:02","1:05:25","2:14:15","3:40:56","4:28:31","6:59:57"
"305","19:07","32:03","1:05:28","2:14:20","3:41:05","4:28:43","7:00:16"
"304","19:08","32:04","1:05:31","2:14:26","3:41:15","4:28:55","7:00:36"
"303","19:09","32:06","1:05:33","2:14:31","3:41:25","4:29:07","7:00:56"
"302","19:10","32:07","1:05:36","2:14:37","3:41:34","4:29:19","7:01:15"
"301","19:11","32:09","1:05:39","2:14:42","3:41:44","4:29:31","7:01:35"
"300","-","32:10","1:05:41","2:14:48","3:41:53","4:29:43","7:01:55"
"299","19:12","32:11","1:05:44","2:14:53","3:42:03","4:29:55","7:02:15"
"298","19:13","32:13","1:05:47","2:14:59","3:42:13","4:30:07","7:02:35"
"297","19:14","32:14","1:05:50","2:15:04","3:42:22","4:30:19","7:02:55"
"296","19:15","32:16","1:05:52","2:15:10","3:42:32","4:30:31","7:03:14"
"295","19:16","32:17","1:05:55","2:15:15","3:42:42","4:30:43","7:03:34"
"294","-","32:18","1:05:58","2:15:21","3:42:52","4:30:55","7:03:54"
"293","19:17","32:20","1:06:01","2:15:26","3:43:01","4:31:07","7:04:14"
"292","19:18","32:21","1:06:03","2:15:32","3:43:11","4:31:19","7:04:34"
"291","19:19","32:23","1:06:06","2:15:38","3:43:21","4:31:32","7:04:55"
"290","19:20","32:24","1:06:09","2:15:43","3:43:31","4:31:44","7:05:15"
"289","19:21","32:25","1:06:12","2:15:49","3:43:41","4:31:56","7:05:35"
"288","-","32:27","1:06:14","2:15:54","3:43:51","4:32:08","7:05:55"
"287","19:22","32:28","1:06:17","2:16:00","3:44:00","4:32:21","7:06:15"
"286","19:23","32:30","1:06:20","2:16:06","3:44:10","4:32:33","7:06:36"
"285","19:24","32:31","1:06:23","2:16:11","3:44:20","4:32:45","7:06:56"
"284","19:25","32:32","1:06:26","2:16:17","3:44:30","4:32:58","7:07:16"
"283","19:26","32:34","1:06:28","2:16:23","3:44:40","4:33:10","7:07:37"
"282","19:27","32:35","1:06:31","2:16:28","3:44:50","4:33:22","7:07:57"
"281","-","32:37","1:06:34","2:16:34","3:45:00","4:33:35","7:08:17"
"280","19:28","32:38","1:06:37","2:16:40","3:45:10","4:33:47","7:08:38"
"279","19:29","32:40","1:06:40","2:16:46","3:45:20","4:34:00","7:08:58"
"278","19:30","32:41","1:06:43","2:16:51","3:45:30","4:34:12","7:09:19"
"277","19:31","32:42","1:06:45","2:16:57","3:45:40","4:34:25","7:09:40"
"276","19:32","32:44","1:06:48","2:17:03","3:45:50","4:34:37","7:10:00"
"275","19:33","32:45","1:06:51","2:17:09","3:46:00","4:34:50","7:10:21"
"274","-","32:47","1:06:54","2:17:14","3:46:10","4:35:02","7:10:42"
"273","19:34","32:48","1:06:57","2:17:20","3:46:20","4:35:15","7:11:02"
"272","19:35","32:50","1:07:00","2:17:26","3:46:31","4:35:28","7:11:23"
"271","19:36","32:51","1:07:03","2:17:32","3:46:41","4:35:40","7:11:44"
"270","19:37","32:53","1:07:05","2:17:38","3:46:51","4:35:53","7:12:05"
"269","19:38","32:54","1:07:08","2:17:43","3:47:01","4:36:06","7:12:26"
"268","19:39","32:55","1:07:11","2:17:49","3:47:11","4:36:18","7:12:47"
"267","19:40","32:57","1:07:14","2:17:55","3:47:21","4:36:31","7:13:08"
"266","-","32:58","1:07:17","2:18:01","3:47:32","4:36:44","7:13:29"
"265","19:41","33:00","1:07:20","2:18:07","3:47:42","4:36:57","7:13:50"
"264","19:42","33:01","1:07:23","2:18:13","3:47:52","4:37:09","7:14:11"
"263","19:43","33:03","1:07:26","2:18:19","3:48:03","4:37:22","7:14:32"
"262","19:44","33:04","1:07:29","2:18:24","3:48:13","4:37:35","7:14:53"
"261","19:45","33:06","1:07:32","2:18:30","3:48:23","4:37:48","7:15:14"
"260","19:46","33:07","1:07:35","2:18:36","3:48:34","4:38:01","7:15:36"
"259","19:47","33:09","1:07:37","2:18:42","3:48:44","4:38:14","7:15:57"
"258","19:48","33:10","1:07:40","2:18:48","3:48:54","4:38:27","7:16:18"
"257","-","33:12","1:07:43","2:18:54","3:49:05","4:38:40","7:16:40"
"256","19:49","33:13","1:07:46","2:19:00","3:49:15","4:38:53","7:17:01"
"255","19:50","33:15","1:07:49","2:19:06","3:49:26","4:39:06","7:17:22"
"254","19:51","33:16","1:07:52","2:19:12","3:49:36","4:39:19","7:17:44"
"253","19:52","33:18","1:07:55","2:19:18","3:49:47","4:39:32","7:18:06"
"252","19:53","33:19","1:07:58","2:19:24","3:49:57","4:39:45","7:18:27"
"251","19:54","33:21","1:08:01","2:19:30","3:50:08","4:39:58","7:18:49"
"250","19:55","33:22","1:08:04","2:19:36","3:50:18","4:40:11","7:19:10"
"249","19:56","33:24","1:08:07","2:19:42","3:50:29","4:40:25","7:19:32"
"248","19:57","33:25","1:08:10","2:19:48","3:50:40","4:40:38","7:19:54"
"247","19:58","33:27","1:08:13","2:19:54","3:50:50","4:40:51","7:20:16"
"246","-","33:28","1:08:16","2:20:00","3:51:01","4:41:04","7:20:38"
"245","19:59","33:30","1:08:19","2:20:07","3:51:12","4:41:18","7:20:59"
"244","20:00","33:31","1:08:22","2:20:13","3:51:22","4:41:31","7:21:21"
"243","20:01","33:33","1:08:25","2:20:19","3:51:33","4:41:44","7:21:43"
"242","20:02","33:34","1:08:28","2:20:25","3:51:44","4:41:58","7:22:05"
"241","20:03","33:36","1:08:31","2:20:31","3:51:55","4:42:11","7:22:27"
"240","20:04","33:38","1:08:34","2:20:37","3:52:05","4:42:25","7:22:50"
"239","20:05","33:39","1:08:37","2:20:43","3:52:16","4:42:38","7:23:12"
"238","20:06","33:41","1:08:40","2:20:50","3:52:27","4:42:51","7:23:34"
"237","20:07","33:42","1:08:44","2:20:56","3:52:38","4:43:05","7:23:56"
"236","20:08","33:44","1:08:47","2:21:02","3:52:49","4:43:19","7:24:19"
"235","20:09","33:45","1:08:50","2:21:08","3:53:00","4:43:32","7:24:41"
"234","20:10","33:47","1:08:53","2:21:14","3:53:11","4:43:46","7:25:03"
"233","-","33:48","1:08:56","2:21:21","3:53:21","4:43:59","7:25:26"
"232","20:11","33:50","1:08:59","2:21:27","3:53:32","4:44:13","7:25:48"
"231","20:12","33:52","1:09:02","2:21:33","3:53:43","4:44:27","7:26:11"
"230","20:13","33:53","1:09:05","2:21:40","3:53:54","4:44:40","7:26:33"
"229","20:14","33:55","1:09:08","2:21:46","3:54:06","4:44:54","7:26:56"
"228","20:15","33:56","1:09:11","2:21:52","3:54:17","4:45:08","7:27:19"
"227","20:16","33:58","1:09:15","2:21:59","3:54:28","4:45:22","7:27:42"
"226","20:17","34:00","1:09:18","2:22:05","3:54:39","4:45:36","7:28:04"
"225","20:18","34:01","1:09:21","2:22:11","3:54:50","4:45:50","7:28:27"
"224","20:19","34:03","1:09:24","2:22:18","3:55:01","4:46:03","7:28:50"
"223","20:20","34:04","1:09:27","2:22:24","3:55:12","4:46:17","7:29:13"
"222","20:21","34:06","1:09:30","2:22:30","3:55:24","4:46:31","7:29:36"
"221","20:22","34:08","1:09:34","2:22:37","3:55:35","4:46:45","7:29:59"
"220","20:23","34:09","1:09:37","2:22:43","3:55:46","4:46:59","7:30:22"
"219","20:24","34:11","1:09:40","2:22:50","3:55:57","4:47:13","7:30:45"
"218","20:25","34:12","1:09:43","2:22:56","3:56:09","4:47:27","7:31:09"
"217","20:26","34:14","1:09:46","2:23:03","3:56:20","4:47:42","7:31:32"
"216","20:27","34:16","1:09:50","2:23:09","3:56:31","4:47:56","7:31:55"
"215","20:28","34:17","1:09:53","2:23:16","3:56:43","4:48:10","7:32:18"
"214","20:29","34:19","1:09:56","2:23:22","3:56:54","4:48:24","7:32:42"
"213","20:30","34:21","1:09:59","2:23:29","3:57:06","4:48:38","7:33:05"
"212","20:31","34:22","1:10:02","2:23:35","3:57:17","4:48:53","7:33:29"
"211","20:32","34:24","1:10:06","2:23:42","3:57:29","4:49:07","7:33:53"
"210","20:33","34:25","1:10:09","2:23:49","3:57:40","4:49:21","7:34:16"
"209","20:34","34:27","1:10:12","2:23:55","3:57:52","4:49:36","7:34:40"
"208","20:35","34:29","1:10:16","2:24:02","3:58:03","4:49:50","7:35:04"
"207","20:36","34:30","1:10:19","2:24:08","3:58:15","4:50:05","7:35:27"
"206","20:37","34:32","1:10:22","2:24:15","3:58:27","4:50:19","7:35:51"
"205","20:38","34:34","1:10:25","2:24:22","3:58:38","4:50:34","7:36:15"
"204","20:39","34:35","1:10:29","2:24:28","3:58:50","4:50:48","7:36:39"
"203","20:40","34:37","1:10:32","2:24:35","3:59:02","4:51:03","7:37:03"
"202","20:41","34:39","1:10:35","2:24:42","3:59:13","4:51:18","7:37:27"
"201","20:42","34:41","1:10:39","2:24:49","3:59:25","4:51:32","7:37:52"
"200","20:43","34:42","1:10:42","2:24:55","3:59:37","4:51:47","7:38:16"
"199","20:44","34:44","1:10:45","2:25:02","3:59:49","4:52:02","7:38:40"
"198","20:45","34:46","1:10:49","2:25:09","4:00:01","4:52:16","7:39:04"
"197","20:46","34:47","1:10:52","2:25:16","4:00:13","4:52:31","7:39:29"
"196","20:47","34:49","1:10:55","2:25:22","4:00:25","4:52:46","7:39:53"
"195","20:48","34:51","1:10:59","2:25:29","4:00:37","4:53:01","7:40:18"
"194","20:49","34:52","1:11:02","2:25:36","4:00:49","4:53:16","7:40:42"
"193","20:50","34:54","1:11:06","2:25:43","4:01:01","4:53:31","7:41:07"
"192","20:51","34:56","1:11:09","2:25:50","4:01:13","4:53:46","7:41:32"
"191","20:52","34:58","1:11:12","2:25:57","4:01:25","4:54:01","7:41:57"
"190","20:53","34:59","1:11:16","2:26:04","4:01:37","4:54:16","7:42:21"
"189","20:54","35:01","1:11:19","2:26:11","4:01:49","4:54:31","7:42:46"
"188","20:55","35:03","1:11:23","2:26:18","4:02:01","4:54:46","7:43:11"
"187","20:56","35:05","1:11:26","2:26:25","4:02:13","4:55:02","7:43:36"
"186","20:57","35:06","1:11:30","2:26:32","4:02:26","4:55:17","7:44:02"
"185","20:58","35:08","1:11:33","2:26:39","4:02:38","4:55:32","7:44:27"
"184","20:59","35:10","1:11:37","2:26:46","4:02:50","4:55:48","7:44:52"
"183","21:00","35:12","1:11:40","2:26:53","4:03:03","4:56:03","7:45:17"
"182","21:02","35:13","1:11:44","2:27:00","4:03:15","4:56:18","7:45:43"
"181","21:03","35:15","1:11:47","2:27:07","4:03:27","4:56:34","7:46:08"
"180","21:04","35:17","1:11:51","2:27:14","4:03:40","4:56:49","7:46:34"
"179","21:05","35:19","1:11:54","2:27:21","4:03:52","4:57:05","7:46:59"
"178","21:06","35:21","1:11:58","2:27:28","4:04:05","4:57:20","7:47:25"
"177","21:07","35:22","1:12:01","2:27:36","4:04:17","4:57:36","7:47:51"
"176","21:08","35:24","1:12:05","2:27:43","4:04:30","4:57:52","7:48:17"
"175","21:09","35:26","1:12:08","2:27:50","4:04:43","4:58:08","7:48:43"
"174","21:10","35:28","1:12:12","2:27:57","4:04:55","4:58:23","7:49:08"
"173","21:11","35:30","1:12:16","2:28:04","4:05:08","4:58:39","7:49:35"
"172","21:12","35:31","1:12:19","2:28:12","4:05:21","4:58:55","7:50:01"
"171","21:13","35:33","1:12:23","2:28:19","4:05:34","4:59:11","7:50:27"
"170","21:15","35:35","1:12:26","2:28:26","4:05:46","4:59:27","7:50:53"
"169","21:16","35:37","1:12:30","2:28:34","4:05:59","4:59:43","7:51:19"
"168","21:17","35:39","1:12:34","2:28:41","4:06:12","4:59:59","7:51:46"
"167","21:18","35:41","1:12:37","2:28:48","4:06:25","5:00:15","7:52:12"
"166","21:19","35:42","1:12:41","2:28:56","4:06:38","5:00:31","7:52:39"
"165","21:20","35:44","1:12:45","2:29:03","4:06:51","5:00:47","7:53:06"
"164","21:21","35:46","1:12:48","2:29:11","4:07:04","5:01:04","7:53:32"
"163","21:22","35:48","1:12:52","2:29:18","4:07:17","5:01:20","7:53:59"
"162","21:23","35:50","1:12:56","2:29:26","4:07:30","5:01:36","7:54:26"
"161","21:25","35:52","1:12:59","2:29:33","4:07:43","5:01:53","7:54:53"
"160","21:26","35:54","1:13:03","2:29:41","4:07:57","5:02:09","7:55:20"
"159","21:27","35:56","1:13:07","2:29:48","4:08:10","5:02:26","7:55:47"
"158","21:28","35:58","1:13:11","2:29:56","4:08:23","5:02:42","7:56:15"
"157","21:29","35:59","1:13:14","2:30:04","4:08:37","5:02:59","7:56:42"
"156","21:30","36:01","1:13:18","2:30:11","4:08:50","5:03:15","7:57:09"
"155","21:31","36:03","1:13:22","2:30:19","4:09:03","5:03:32","7:57:37"
"154","21:33","36:05","1:13:26","2:30:27","4:09:17","5:03:49","7:58:05"
"153","21:34","36:07","1:13:30","2:30:34","4:09:30","5:04:06","7:58:32"
"152","21:35","36:09","1:13:33","2:30:42","4:09:44","5:04:22","7:59:00"
"151","21:36","36:11","1:13:37","2:30:50","4:09:57","5:04:39","7:59:28"
"150","21:37","36:13","1:13:41","2:30:58","4:10:11","5:04:56","7:59:56"
"149","21:38","36:15","1:13:45","2:31:05","4:10:25","5:05:13","8:00:24"
"148","21:40","36:17","1:13:49","2:31:13","4:10:38","5:05:31","8:00:52"
"147","21:41","36:19","1:13:53","2:31:21","4:10:52","5:05:48","8:01:20"
"146","21:42","36:21","1:13:57","2:31:29","4:11:06","5:06:05","8:01:49"
"145","21:43","36:23","1:14:01","2:31:37","4:11:20","5:06:22","8:02:17"
"144","21:44","36:25","1:14:05","2:31:45","4:11:34","5:06:40","8:02:46"
"143","21:46","36:27","1:14:09","2:31:53","4:11:48","5:06:57","8:03:14"
"142","21:47","36:29","1:14:13","2:32:01","4:12:02","5:07:14","8:03:43"
"141","21:48","36:31","1:14:16","2:32:09","4:12:16","5:07:32","8:04:12"
"140","21:49","36:33","1:14:20","2:32:17","4:12:30","5:07:49","8:04:41"
"139","21:50","36:35","1:14:24","2:32:25","4:12:44","5:08:07","8:05:10"
"138","21:52","36:37","1:14:28","2:32:33","4:12:58","5:08:25","8:05:39"
"137","21:53","36:39","1:14:33","2:32:41","4:13:13","5:08:43","8:06:08"
"136","21:54","36:41","1:14:37","2:32:50","4:13:27","5:09:00","8:06:38"
"135","21:55","36:43","1:14:41","2:32:58","4:13:41","5:09:18","8:07:07"
"134","21:57","36:45","1:14:45","2:33:06","4:13:56","5:09:36","8:07:37"
"133","21:58","36:47","1:14:49","2:33:14","4:14:10","5:09:54","8:08:06"
"132","21:59","36:49","1:14:53","2:33:23","4:14:25","5:10:12","8:08:36"
"131","22:00","36:51","1:14:57","2:33:31","4:14:39","5:10:31","8:09:06"
"130","22:02","36:53","1:15:01","2:33:39","4:14:54","5:10:49","8:09:36"
"129","22:03","36:56","1:15:05","2:33:48","4:15:09","5:11:07","8:10:06"
"128","22:04","36:58","1:15:09","2:33:56","4:15:24","5:11:25","8:10:37"
"127","22:05","37:00","1:15:14","2:34:05","4:15:38","5:11:44","8:11:07"
"126","22:07","37:02","1:15:18","2:34:13","4:15:53","5:12:02","8:11:37"
"125","22:08","37:04","1:15:22","2:34:22","4:16:08","5:12:21","8:12:08"
"124","22:09","37:06","1:15:26","2:34:30","4:16:23","5:12:40","8:12:39"
"123","22:11","37:08","1:15:31","2:34:39","4:16:38","5:12:58","8:13:10"
"122","22:12","37:11","1:15:35","2:34:47","4:16:53","5:13:17","8:13:41"
"121","22:13","37:13","1:15:39","2:34:56","4:17:08","5:13:36","8:14:12"
"120","22:14","37:15","1:15:43","2:35:05","4:17:24","5:13:55","8:14:43"
"119","22:16","37:17","1:15:48","2:35:14","4:17:39","5:14:14","8:15:14"
"118","22:17","37:19","1:15:52","2:35:22","4:17:54","5:14:33","8:15:46"
"117","22:18","37:21","1:15:57","2:35:31","4:18:10","5:14:53","8:16:18"
"116","22:20","37:24","1:16:01","2:35:40","4:18:25","5:15:12","8:16:49"
"115","22:21","37:26","1:16:05","2:35:49","4:18:41","5:15:31","8:17:21"
"114","22:22","37:28","1:16:10","2:35:58","4:18:57","5:15:51","8:17:53"
"113","22:24","37:30","1:16:14","2:36:07","4:19:12","5:16:10","8:18:26"
"112","22:25","37:33","1:16:19","2:36:16","4:19:28","5:16:30","8:18:58"
"111","22:26","37:35","1:16:23","2:36:25","4:19:44","5:16:50","8:19:30"
"110","22:28","37:37","1:16:28","2:36:34","4:20:00","5:17:09","8:20:03"
"109","22:29","37:40","1:16:32","2:36:43","4:20:16","5:17:29","8:20:36"
"108","22:31","37:42","1:16:37","2:36:52","4:20:32","5:17:49","8:21:09"
"107","22:32","37:44","1:16:41","2:37:02","4:20:48","5:18:09","8:21:42"
"106","22:33","37:46","1:16:46","2:37:11","4:21:04","5:18:30","8:22:15"
"105","22:35","37:49","1:16:50","2:37:20","4:21:20","5:18:50","8:22:48"
"104","22:36","37:51","1:16:55","2:37:29","4:21:37","5:19:10","8:23:22"
"103","22:38","37:53","1:17:00","2:37:39","4:21:53","5:19:31","8:23:56"
"102","22:39","37:56","1:17:04","2:37:48","4:22:10","5:19:51","8:24:30"
"101","22:40","37:58","1:17:09","2:37:58","4:22:26","5:20:12","8:25:04"
"100","22:42","38:01","1:17:14","2:38:07","4:22:43","5:20:33","8:25:38"
"99","22:43","38:03","1:17:18","2:38:17","4:23:00","5:20:54","8:26:12"
"98","22:45","38:05","1:17:23","2:38:27","4:23:17","5:21:15","8:26:47"
"97","22:46","38:08","1:17:28","2:38:36","4:23:34","5:21:36","8:27:22"
"96","22:48","38:10","1:17:33","2:38:46","4:23:51","5:21:57","8:27:57"
"95","22:49","38:13","1:17:38","2:38:56","4:24:08","5:22:18","8:28:32"
"94","22:51","38:15","1:17:43","2:39:06","4:24:25","5:22:40","8:29:07"
"93","22:52","38:18","1:17:47","2:39:15","4:24:42","5:23:01","8:29:42"
"92","22:54","38:20","1:17:52","2:39:25","4:25:00","5:23:23","8:30:18"
"91","22:55","38:23","1:17:57","2:39:35","4:25:17","5:23:45","8:30:54"
"90","22:57","38:25","1:18:02","2:39:45","4:25:35","5:24:07","8:31:30"
"89","22:58","38:28","1:18:07","2:39:56","4:25:53","5:24:29","8:32:06"
"88","23:00","38:30","1:18:12","2:40:06","4:26:10","5:24:51","8:32:43"
"87","23:01","38:33","1:18:17","2:40:16","4:26:28","5:25:13","8:33:19"
"86","23:03","38:35","1:18:22","2:40:26","4:26:46","5:25:35","8:33:56"
"85","23:04","38:38","1:18:28","2:40:37","4:27:04","5:25:58","8:34:33"
"84","23:06","38:41","1:18:33","2:40:47","4:27:22","5:26:21","8:35:11"
"83","23:07","38:43","1:18:38","2:40:57","4:27:41","5:26:43","8:35:48"
"82","23:09","38:46","1:18:43","2:41:08","4:27:59","5:27:06","8:36:26"
"81","23:11","38:48","1:18:48","2:41:19","4:28:18","5:27:30","8:37:04"
"80","23:12","38:51","1:18:54","2:41:29","4:28:36","5:27:53","8:37:42"
"79","23:14","38:54","1:18:59","2:41:40","4:28:55","5:28:16","8:38:21"
"78","23:15","38:57","1:19:04","2:41:51","4:29:14","5:28:40","8:39:00"
"77","23:17","38:59","1:19:10","2:42:02","4:29:33","5:29:03","8:39:39"
"76","23:19","39:02","1:19:15","2:42:13","4:29:52","5:29:27","8:40:18"
"75","23:20","39:05","1:19:20","2:42:24","4:30:11","5:29:51","8:40:57"
"74","23:22","39:08","1:19:26","2:42:35","4:30:31","5:30:15","8:41:37"
"73","23:24","39:10","1:19:31","2:42:46","4:30:50","5:30:39","8:42:17"
"72","23:25","39:13","1:19:37","2:42:57","4:31:10","5:31:04","8:42:57"
"71","23:27","39:16","1:19:43","2:43:08","4:31:30","5:31:29","8:43:38"
"70","23:29","39:19","1:19:48","2:43:20","4:31:50","5:31:53","8:44:19"
"69","23:31","39:22","1:19:54","2:43:31","4:32:10","5:32:18","8:45:00"
"68","23:32","39:25","1:20:00","2:43:43","4:32:30","5:32:44","8:45:41"
"67","23:34","39:27","1:20:05","2:43:54","4:32:50","5:33:09","8:46:23"
"66","23:36","39:30","1:20:11","2:44:06","4:33:11","5:33:34","8:47:05"
"65","23:38","39:33","1:20:17","2:44:18","4:33:32","5:34:00","8:47:48"
"64","23:39","39:36","1:20:23","2:44:30","4:33:52","5:34:26","8:48:30"
"63","23:41","39:39","1:20:29","2:44:42","4:34:13","5:34:52","8:49:13"
"62","23:43","39:42","1:20:35","2:44:54","4:34:35","5:35:19","8:49:57"
"61","23:45","39:45","1:20:41","2:45:06","4:34:56","5:35:45","8:50:40"
"60","23:47","39:49","1:20:47","2:45:18","4:35:17","5:36:12","8:51:25"
"59","23:49","39:52","1:20:53","2:45:31","4:35:39","5:36:39","8:52:09"
"58","23:50","39:55","1:20:59","2:45:43","4:36:01","5:37:06","8:52:54"
"57","23:52","39:58","1:21:05","2:45:56","4:36:23","5:37:34","8:53:39"
"56","23:54","40:01","1:21:12","2:46:09","4:36:45","5:38:01","8:54:25"
"55","23:56","40:04","1:21:18","2:46:21","4:37:08","5:38:29","8:55:11"
"54","23:58","40:08","1:21:25","2:46:34","4:37:30","5:38:58","8:55:57"
"53","24:00","40:11","1:21:31","2:46:47","4:37:53","5:39:26","8:56:44"
"52","24:02","40:14","1:21:38","2:47:01","4:38:16","5:39:55","8:57:32"
"51","24:04","40:17","1:21:44","2:47:14","4:38:40","5:40:24","8:58:19"
"50","24:06","40:21","1:21:51","2:47:27","4:39:03","5:40:53","8:59:08"
"49","24:08","40:24","1:21:57","2:47:41","4:39:27","5:41:23","8:59:56"
"48","24:10","40:28","1:22:04","2:47:55","4:39:51","5:41:53","9:00:46"
"47","24:12","40:31","1:22:11","2:48:09","4:40:15","5:42:23","9:01:35"
"46","24:14","40:35","1:22:18","2:48:23","4:40:40","5:42:54","9:02:26"
"45","24:17","40:38","1:22:25","2:48:37","4:41:05","5:43:24","9:03:17"
"44","24:19","40:42","1:22:32","2:48:51","4:41:30","5:43:56","9:04:08"
"43","24:21","40:45","1:22:39","2:49:06","4:41:55","5:44:27","9:05:00"
"42","24:23","40:49","1:22:47","2:49:20","4:42:21","5:44:59","9:05:53"
"41","24:25","40:53","1:22:54","2:49:35","4:42:47","5:45:32","9:06:46"
"40","24:28","40:57","1:23:01","2:49:50","4:43:13","5:46:04","9:07:40"
"39","24:30","41:00","1:23:09","2:50:05","4:43:40","5:46:37","9:08:34"
"38","24:32","41:04","1:23:16","2:50:21","4:44:07","5:47:11","9:09:30"
"37","24:35","41:08","1:23:24","2:50:36","4:44:34","5:47:45","9:10:26"
"36","24:37","41:12","1:23:32","2:50:52","4:45:02","5:48:20","9:11:23"
"35","24:39","41:16","1:23:40","2:51:08","4:45:30","5:48:54","9:12:20"
"34","24:42","41:20","1:23:48","2:51:25","4:45:58","5:49:30","9:13:19"
"33","24:44","41:24","1:23:56","2:51:41","4:46:27","5:50:06","9:14:18"
"32","24:47","41:29","1:24:04","2:51:58","4:46:57","5:50:42","9:15:18"
"31","24:49","41:33","1:24:13","2:52:15","4:47:26","5:51:20","9:16:19"
"30","24:52","41:37","1:24:21","2:52:32","4:47:57","5:51:57","9:17:21"
"29","24:55","41:42","1:24:30","2:52:50","4:48:27","5:52:36","9:18:24"
"28","24:57","41:46","1:24:39","2:53:08","4:48:59","5:53:15","9:19:29"
"27","25:00","41:51","1:24:48","2:53:26","4:49:31","5:53:54","9:20:34"
"26","25:03","41:55","1:24:57","2:53:44","4:50:03","5:54:35","9:21:41"
"25","25:06","42:00","1:25:07","2:54:03","4:50:36","5:55:16","9:22:49"
"24","25:09","42:05","1:25:16","2:54:23","4:51:10","5:55:58","9:23:58"
"23","25:12","42:10","1:25:26","2:54:42","4:51:45","5:56:41","9:25:09"
"22","25:15","42:15","1:25:36","2:55:03","4:52:20","5:57:25","9:26:21"
"21","25:18","42:20","1:25:46","2:55:23","4:52:56","5:58:10","9:27:35"
"20","25:21","42:25","1:25:57","2:55:44","4:53:33","5:58:56","9:28:51"
"19","25:24","42:31","1:26:07","2:56:06","4:54:11","5:59:43","9:30:09"
"18","25:27","42:36","1:26:18","2:56:28","4:54:50","6:00:32","9:31:28"
"17","25:31","42:42","1:26:30","2:56:51","4:55:30","6:01:22","9:32:50"
"16","25:34","42:48","1:26:41","2:57:15","4:56:11","6:02:13","9:34:15"
"15","25:38","42:54","1:26:53","2:57:39","4:56:53","6:03:06","9:35:42"
"14","25:42","43:00","1:27:06","2:58:04","4:57:37","6:04:00","9:37:12"
"13","25:46","43:07","1:27:19","2:58:30","4:58:23","6:04:57","9:38:46"
"12","25:50","43:14","1:27:32","2:58:57","4:59:10","6:05:56","9:40:23"
"11","25:54","43:21","1:27:46","2:59:25","5:00:00","6:06:58","9:42:04"
"10","25:59","43:28","1:28:00","2:59:55","5:00:51","6:08:02","9:43:50"
"9","26:03","43:36","1:28:16","3:00:26","5:01:46","6:09:10","9:45:41"
"8","26:08","43:44","1:28:32","3:00:59","5:02:43","6:10:21","9:47:39"
"7","26:13","43:53","1:28:49","3:01:34","5:03:44","6:11:37","9:49:44"
"6","26:19","44:02","1:29:08","3:02:11","5:04:50","6:12:59","9:51:59"
"5","26:25","44:12","1:29:28","3:02:52","5:06:01","6:14:28","9:54:25"
"4","26:32","44:24","1:29:50","3:03:37","5:07:20","6:16:06","9:57:07"
"3","26:40","44:37","1:30:16","3:04:28","5:08:50","6:17:58","10:00:11"
"2","26:49","44:52","1:30:46","3:05:29","5:10:36","6:20:10","10:03:49"
"1","27:01","45:12","1:31:25","3:06:48","5:12:55","6:23:03","10:08:33"
