"Points","3km W","5km W","10km W","20km W","30km W","50km W"
"1400","10:10","17:43","36:37","1:15:47","2:01:40","3:40:25"
"1399","-","-","36:39","1:15:50","2:01:45","3:40:35"
"1398","10:11","17:44","36:40","1:15:53","2:01:50","3:40:44"
"1397","-","17:45","36:42","1:15:56","2:01:56","3:40:54"
"1396","10:12","17:46","36:43","1:15:59","2:02:01","3:41:04"
"1395","-","-","36:45","1:16:02","2:02:06","3:41:13"
"1394","10:13","17:47","36:46","1:16:06","2:02:11","3:41:23"
"1393","-","17:48","36:48","1:16:09","2:02:16","3:41:32"
"1392","10:14","17:49","36:49","1:16:12","2:02:21","3:41:42"
"1391","-","-","36:51","1:16:15","2:02:26","3:41:51"
"1390","-","17:50","36:52","1:16:18","2:02:31","3:42:01"
"1389","10:15","17:51","36:54","1:16:21","2:02:36","3:42:11"
"1388","-","17:52","36:55","1:16:24","2:02:41","3:42:20"
"1387","10:16","-","36:57","1:16:27","2:02:47","3:42:30"
"1386","-","17:53","36:58","1:16:30","2:02:52","3:42:39"
"1385","10:17","17:54","37:00","1:16:33","2:02:57","3:42:49"
"1384","-","17:55","37:01","1:16:37","2:03:02","3:42:59"
"1383","10:18","-","37:03","1:16:40","2:03:07","3:43:08"
"1382","-","17:56","37:05","1:16:43","2:03:12","3:43:18"
"1381","-","17:57","37:06","1:16:46","2:03:17","3:43:27"
"1380","10:19","17:58","37:08","1:16:49","2:03:22","3:43:37"
"1379","-","-","37:09","1:16:52","2:03:27","3:43:47"
"1378","10:20","17:59","37:11","1:16:55","2:03:33","3:43:56"
"1377","-","18:00","37:12","1:16:58","2:03:38","3:44:06"
"1376","10:21","18:01","37:14","1:17:01","2:03:43","3:44:15"
"1375","-","-","37:15","1:17:05","2:03:48","3:44:25"
"1374","10:22","18:02","37:17","1:17:08","2:03:53","3:44:35"
"1373","-","18:03","37:18","1:17:11","2:03:58","3:44:44"
"1372","10:23","18:04","37:20","1:17:14","2:04:03","3:44:54"
"1371","-","-","37:21","1:17:17","2:04:09","3:45:04"
"1370","-","18:05","37:23","1:17:20","2:04:14","3:45:13"
"1369","10:24","18:06","37:24","1:17:23","2:04:19","3:45:23"
"1368","-","18:07","37:26","1:17:26","2:04:24","3:45:33"
"1367","10:25","-","37:27","1:17:30","2:04:29","3:45:42"
"1366","-","18:08","37:29","1:17:33","2:04:34","3:45:52"
"1365","10:26","18:09","37:31","1:17:36","2:04:39","3:46:02"
"1364","-","18:10","37:32","1:17:39","2:04:45","3:46:11"
"1363","10:27","-","37:34","1:17:42","2:04:50","3:46:21"
"1362","-","18:11","37:35","1:17:45","2:04:55","3:46:31"
"1361","10:28","18:12","37:37","1:17:48","2:05:00","3:46:40"
"1360","-","18:13","37:38","1:17:51","2:05:05","3:46:50"
"1359","-","-","37:40","1:17:55","2:05:10","3:47:00"
"1358","10:29","18:14","37:41","1:17:58","2:05:16","3:47:09"
"1357","-","18:15","37:43","1:18:01","2:05:21","3:47:19"
"1356","10:30","18:16","37:44","1:18:04","2:05:26","3:47:29"
"1355","-","-","37:46","1:18:07","2:05:31","3:47:38"
"1354","10:31","18:17","37:47","1:18:10","2:05:36","3:47:48"
"1353","-","18:18","37:49","1:18:13","2:05:41","3:47:58"
"1352","10:32","18:19","37:50","1:18:17","2:05:47","3:48:08"
"1351","-","-","37:52","1:18:20","2:05:52","3:48:17"
"1350","10:33","18:20","37:54","1:18:23","2:05:57","3:48:27"
"1349","-","18:21","37:55","1:18:26","2:06:02","3:48:37"
"1348","10:34","18:22","37:57","1:18:29","2:06:07","3:48:46"
"1347","-","-","37:58","1:18:32","2:06:12","3:48:56"
"1346","-","18:23","38:00","1:18:35","2:06:18","3:49:06"
"1345","10:35","18:24","38:01","1:18:39","2:06:23","3:49:16"
"1344","-","18:25","38:03","1:18:42","2:06:28","3:49:25"
"1343","10:36","-","38:04","1:18:45","2:06:33","3:49:35"
"1342","-","18:26","38:06","1:18:48","2:06:38","3:49:45"
"1341","10:37","18:27","38:07","1:18:51","2:06:44","3:49:55"
"1340","-","18:28","38:09","1:18:54","2:06:49","3:50:04"
"1339","10:38","-","38:11","1:18:58","2:06:54","3:50:14"
"1338","-","18:29","38:12","1:19:01","2:06:59","3:50:24"
"1337","10:39","18:30","38:14","1:19:04","2:07:04","3:50:34"
"1336","-","18:31","38:15","1:19:07","2:07:10","3:50:43"
"1335","10:40","18:32","38:17","1:19:10","2:07:15","3:50:53"
"1334","-","-","38:18","1:19:13","2:07:20","3:51:03"
"1333","-","18:33","38:20","1:19:17","2:07:25","3:51:13"
"1332","10:41","18:34","38:21","1:19:20","2:07:30","3:51:23"
"1331","-","18:35","38:23","1:19:23","2:07:36","3:51:32"
"1330","10:42","-","38:25","1:19:26","2:07:41","3:51:42"
"1329","-","18:36","38:26","1:19:29","2:07:46","3:51:52"
"1328","10:43","18:37","38:28","1:19:32","2:07:51","3:52:02"
"1327","-","18:38","38:29","1:19:36","2:07:57","3:52:11"
"1326","10:44","-","38:31","1:19:39","2:08:02","3:52:21"
"1325","-","18:39","38:32","1:19:42","2:08:07","3:52:31"
"1324","10:45","18:40","38:34","1:19:45","2:08:12","3:52:41"
"1323","-","18:41","38:35","1:19:48","2:08:18","3:52:51"
"1322","10:46","-","38:37","1:19:51","2:08:23","3:53:01"
"1321","-","18:42","38:39","1:19:55","2:08:28","3:53:10"
"1320","-","18:43","38:40","1:19:58","2:08:33","3:53:20"
"1319","10:47","18:44","38:42","1:20:01","2:08:38","3:53:30"
"1318","-","-","38:43","1:20:04","2:08:44","3:53:40"
"1317","10:48","18:45","38:45","1:20:07","2:08:49","3:53:50"
"1316","-","18:46","38:46","1:20:11","2:08:54","3:54:00"
"1315","10:49","18:47","38:48","1:20:14","2:08:59","3:54:09"
"1314","-","18:48","38:49","1:20:17","2:09:05","3:54:19"
"1313","10:50","-","38:51","1:20:20","2:09:10","3:54:29"
"1312","-","18:49","38:53","1:20:23","2:09:15","3:54:39"
"1311","10:51","18:50","38:54","1:20:27","2:09:20","3:54:49"
"1310","-","18:51","38:56","1:20:30","2:09:26","3:54:59"
"1309","10:52","-","38:57","1:20:33","2:09:31","3:55:09"
"1308","-","18:52","38:59","1:20:36","2:09:36","3:55:18"
"1307","-","18:53","39:00","1:20:39","2:09:41","3:55:28"
"1306","10:53","18:54","39:02","1:20:42","2:09:47","3:55:38"
"1305","-","-","39:04","1:20:46","2:09:52","3:55:48"
"1304","10:54","18:55","39:05","1:20:49","2:09:57","3:55:58"
"1303","-","18:56","39:07","1:20:52","2:10:03","3:56:08"
"1302","10:55","18:57","39:08","1:20:55","2:10:08","3:56:18"
"1301","-","-","39:10","1:20:59","2:10:13","3:56:28"
"1300","10:56","18:58","39:11","1:21:02","2:10:18","3:56:38"
"1299","-","18:59","39:13","1:21:05","2:10:24","3:56:47"
"1298","10:57","19:00","39:15","1:21:08","2:10:29","3:56:57"
"1297","-","19:01","39:16","1:21:11","2:10:34","3:57:07"
"1296","10:58","-","39:18","1:21:15","2:10:40","3:57:17"
"1295","-","19:02","39:19","1:21:18","2:10:45","3:57:27"
"1294","10:59","19:03","39:21","1:21:21","2:10:50","3:57:37"
"1293","-","19:04","39:22","1:21:24","2:10:55","3:57:47"
"1292","11:00","-","39:24","1:21:27","2:11:01","3:57:57"
"1291","-","19:05","39:26","1:21:31","2:11:06","3:58:07"
"1290","-","19:06","39:27","1:21:34","2:11:11","3:58:17"
"1289","11:01","19:07","39:29","1:21:37","2:11:17","3:58:27"
"1288","-","19:08","39:30","1:21:40","2:11:22","3:58:37"
"1287","11:02","-","39:32","1:21:44","2:11:27","3:58:47"
"1286","-","19:09","39:33","1:21:47","2:11:33","3:58:57"
"1285","11:03","19:10","39:35","1:21:50","2:11:38","3:59:07"
"1284","-","19:11","39:37","1:21:53","2:11:43","3:59:17"
"1283","11:04","-","39:38","1:21:56","2:11:48","3:59:27"
"1282","-","19:12","39:40","1:22:00","2:11:54","3:59:36"
"1281","11:05","19:13","39:41","1:22:03","2:11:59","3:59:46"
"1280","-","19:14","39:43","1:22:06","2:12:04","3:59:56"
"1279","11:06","-","39:45","1:22:09","2:12:10","4:00:06"
"1278","-","19:15","39:46","1:22:13","2:12:15","4:00:16"
"1277","11:07","19:16","39:48","1:22:16","2:12:20","4:00:26"
"1276","-","19:17","39:49","1:22:19","2:12:26","4:00:36"
"1275","-","19:18","39:51","1:22:22","2:12:31","4:00:46"
"1274","11:08","-","39:52","1:22:26","2:12:36","4:00:56"
"1273","-","19:19","39:54","1:22:29","2:12:42","4:01:06"
"1272","11:09","19:20","39:56","1:22:32","2:12:47","4:01:16"
"1271","-","19:21","39:57","1:22:35","2:12:52","4:01:26"
"1270","11:10","-","39:59","1:22:38","2:12:58","4:01:36"
"1269","-","19:22","40:00","1:22:42","2:13:03","4:01:46"
"1268","11:11","19:23","40:02","1:22:45","2:13:08","4:01:57"
"1267","-","19:24","40:04","1:22:48","2:13:14","4:02:07"
"1266","11:12","19:25","40:05","1:22:51","2:13:19","4:02:17"
"1265","-","-","40:07","1:22:55","2:13:24","4:02:27"
"1264","11:13","19:26","40:08","1:22:58","2:13:30","4:02:37"
"1263","-","19:27","40:10","1:23:01","2:13:35","4:02:47"
"1262","11:14","19:28","40:12","1:23:04","2:13:41","4:02:57"
"1261","-","19:29","40:13","1:23:08","2:13:46","4:03:07"
"1260","11:15","-","40:15","1:23:11","2:13:51","4:03:17"
"1259","-","19:30","40:16","1:23:14","2:13:57","4:03:27"
"1258","11:16","19:31","40:18","1:23:18","2:14:02","4:03:37"
"1257","-","19:32","40:20","1:23:21","2:14:07","4:03:47"
"1256","-","-","40:21","1:23:24","2:14:13","4:03:57"
"1255","11:17","19:33","40:23","1:23:27","2:14:18","4:04:07"
"1254","-","19:34","40:24","1:23:31","2:14:23","4:04:17"
"1253","11:18","19:35","40:26","1:23:34","2:14:29","4:04:27"
"1252","-","19:36","40:28","1:23:37","2:14:34","4:04:37"
"1251","11:19","-","40:29","1:23:40","2:14:40","4:04:48"
"1250","-","19:37","40:31","1:23:44","2:14:45","4:04:58"
"1249","11:20","19:38","40:32","1:23:47","2:14:50","4:05:08"
"1248","-","19:39","40:34","1:23:50","2:14:56","4:05:18"
"1247","11:21","-","40:36","1:23:53","2:15:01","4:05:28"
"1246","-","19:40","40:37","1:23:57","2:15:07","4:05:38"
"1245","11:22","19:41","40:39","1:24:00","2:15:12","4:05:48"
"1244","-","19:42","40:40","1:24:03","2:15:17","4:05:58"
"1243","11:23","19:43","40:42","1:24:07","2:15:23","4:06:08"
"1242","-","-","40:44","1:24:10","2:15:28","4:06:19"
"1241","11:24","19:44","40:45","1:24:13","2:15:33","4:06:29"
"1240","-","19:45","40:47","1:24:16","2:15:39","4:06:39"
"1239","11:25","19:46","40:48","1:24:20","2:15:44","4:06:49"
"1238","-","19:47","40:50","1:24:23","2:15:50","4:06:59"
"1237","11:26","-","40:52","1:24:26","2:15:55","4:07:09"
"1236","-","19:48","40:53","1:24:30","2:16:01","4:07:20"
"1235","11:27","19:49","40:55","1:24:33","2:16:06","4:07:30"
"1234","-","19:50","40:56","1:24:36","2:16:11","4:07:40"
"1233","-","19:51","40:58","1:24:39","2:16:17","4:07:50"
"1232","11:28","-","41:00","1:24:43","2:16:22","4:08:00"
"1231","-","19:52","41:01","1:24:46","2:16:28","4:08:10"
"1230","11:29","19:53","41:03","1:24:49","2:16:33","4:08:21"
"1229","-","19:54","41:05","1:24:53","2:16:38","4:08:31"
"1228","11:30","-","41:06","1:24:56","2:16:44","4:08:41"
"1227","-","19:55","41:08","1:24:59","2:16:49","4:08:51"
"1226","11:31","19:56","41:09","1:25:02","2:16:55","4:09:01"
"1225","-","19:57","41:11","1:25:06","2:17:00","4:09:12"
"1224","11:32","19:58","41:13","1:25:09","2:17:06","4:09:22"
"1223","-","-","41:14","1:25:12","2:17:11","4:09:32"
"1222","11:33","19:59","41:16","1:25:16","2:17:17","4:09:42"
"1221","-","20:00","41:17","1:25:19","2:17:22","4:09:52"
"1220","11:34","20:01","41:19","1:25:22","2:17:27","4:10:03"
"1219","-","20:02","41:21","1:25:26","2:17:33","4:10:13"
"1218","11:35","-","41:22","1:25:29","2:17:38","4:10:23"
"1217","-","20:03","41:24","1:25:32","2:17:44","4:10:33"
"1216","11:36","20:04","41:26","1:25:36","2:17:49","4:10:44"
"1215","-","20:05","41:27","1:25:39","2:17:55","4:10:54"
"1214","11:37","20:06","41:29","1:25:42","2:18:00","4:11:04"
"1213","-","-","41:30","1:25:46","2:18:06","4:11:14"
"1212","11:38","20:07","41:32","1:25:49","2:18:11","4:11:25"
"1211","-","20:08","41:34","1:25:52","2:18:17","4:11:35"
"1210","11:39","20:09","41:35","1:25:56","2:18:22","4:11:45"
"1209","-","20:10","41:37","1:25:59","2:18:28","4:11:55"
"1208","11:40","-","41:39","1:26:02","2:18:33","4:12:06"
"1207","-","20:11","41:40","1:26:05","2:18:38","4:12:16"
"1206","11:41","20:12","41:42","1:26:09","2:18:44","4:12:26"
"1205","-","20:13","41:43","1:26:12","2:18:49","4:12:36"
"1204","-","20:14","41:45","1:26:15","2:18:55","4:12:47"
"1203","11:42","-","41:47","1:26:19","2:19:00","4:12:57"
"1202","-","20:15","41:48","1:26:22","2:19:06","4:13:07"
"1201","11:43","20:16","41:50","1:26:25","2:19:11","4:13:18"
"1200","-","20:17","41:52","1:26:29","2:19:17","4:13:28"
"1199","11:44","20:18","41:53","1:26:32","2:19:22","4:13:38"
"1198","-","-","41:55","1:26:35","2:19:28","4:13:49"
"1197","11:45","20:19","41:57","1:26:39","2:19:33","4:13:59"
"1196","-","20:20","41:58","1:26:42","2:19:39","4:14:09"
"1195","11:46","20:21","42:00","1:26:46","2:19:44","4:14:20"
"1194","-","20:22","42:01","1:26:49","2:19:50","4:14:30"
"1193","11:47","-","42:03","1:26:52","2:19:55","4:14:40"
"1192","-","20:23","42:05","1:26:56","2:20:01","4:14:51"
"1191","11:48","20:24","42:06","1:26:59","2:20:06","4:15:01"
"1190","-","20:25","42:08","1:27:02","2:20:12","4:15:11"
"1189","11:49","20:26","42:10","1:27:06","2:20:17","4:15:22"
"1188","-","-","42:11","1:27:09","2:20:23","4:15:32"
"1187","11:50","20:27","42:13","1:27:12","2:20:29","4:15:42"
"1186","-","20:28","42:15","1:27:16","2:20:34","4:15:53"
"1185","11:51","20:29","42:16","1:27:19","2:20:40","4:16:03"
"1184","-","20:30","42:18","1:27:22","2:20:45","4:16:13"
"1183","11:52","-","42:20","1:27:26","2:20:51","4:16:24"
"1182","-","20:31","42:21","1:27:29","2:20:56","4:16:34"
"1181","11:53","20:32","42:23","1:27:32","2:21:02","4:16:45"
"1180","-","20:33","42:25","1:27:36","2:21:07","4:16:55"
"1179","11:54","20:34","42:26","1:27:39","2:21:13","4:17:05"
"1178","-","-","42:28","1:27:43","2:21:18","4:17:16"
"1177","11:55","20:35","42:29","1:27:46","2:21:24","4:17:26"
"1176","-","20:36","42:31","1:27:49","2:21:29","4:17:37"
"1175","11:56","20:37","42:33","1:27:53","2:21:35","4:17:47"
"1174","-","20:38","42:34","1:27:56","2:21:41","4:17:57"
"1173","11:57","20:39","42:36","1:27:59","2:21:46","4:18:08"
"1172","-","-","42:38","1:28:03","2:21:52","4:18:18"
"1171","11:58","20:40","42:39","1:28:06","2:21:57","4:18:29"
"1170","-","20:41","42:41","1:28:10","2:22:03","4:18:39"
"1169","11:59","20:42","42:43","1:28:13","2:22:08","4:18:50"
"1168","-","20:43","42:44","1:28:16","2:22:14","4:19:00"
"1167","12:00","-","42:46","1:28:20","2:22:19","4:19:11"
"1166","-","20:44","42:48","1:28:23","2:22:25","4:19:21"
"1165","12:01","20:45","42:49","1:28:26","2:22:31","4:19:31"
"1164","-","20:46","42:51","1:28:30","2:22:36","4:19:42"
"1163","12:02","20:47","42:53","1:28:33","2:22:42","4:19:52"
"1162","-","-","42:54","1:28:37","2:22:47","4:20:03"
"1161","12:03","20:48","42:56","1:28:40","2:22:53","4:20:13"
"1160","-","20:49","42:58","1:28:43","2:22:59","4:20:24"
"1159","12:04","20:50","42:59","1:28:47","2:23:04","4:20:34"
"1158","-","20:51","43:01","1:28:50","2:23:10","4:20:45"
"1157","12:05","20:52","43:03","1:28:54","2:23:15","4:20:55"
"1156","-","-","43:04","1:28:57","2:23:21","4:21:06"
"1155","12:06","20:53","43:06","1:29:00","2:23:27","4:21:16"
"1154","-","20:54","43:08","1:29:04","2:23:32","4:21:27"
"1153","-","20:55","43:09","1:29:07","2:23:38","4:21:37"
"1152","12:07","20:56","43:11","1:29:11","2:23:43","4:21:48"
"1151","-","-","43:13","1:29:14","2:23:49","4:21:58"
"1150","12:08","20:57","43:14","1:29:17","2:23:55","4:22:09"
"1149","-","20:58","43:16","1:29:21","2:24:00","4:22:19"
"1148","12:09","20:59","43:18","1:29:24","2:24:06","4:22:30"
"1147","-","21:00","43:19","1:29:28","2:24:11","4:22:41"
"1146","12:10","21:01","43:21","1:29:31","2:24:17","4:22:51"
"1145","-","-","43:23","1:29:35","2:24:23","4:23:02"
"1144","12:11","21:02","43:24","1:29:38","2:24:28","4:23:12"
"1143","-","21:03","43:26","1:29:41","2:24:34","4:23:23"
"1142","12:12","21:04","43:28","1:29:45","2:24:40","4:23:33"
"1141","-","21:05","43:29","1:29:48","2:24:45","4:23:44"
"1140","12:13","-","43:31","1:29:52","2:24:51","4:23:54"
"1139","-","21:06","43:33","1:29:55","2:24:56","4:24:05"
"1138","12:14","21:07","43:34","1:29:58","2:25:02","4:24:16"
"1137","-","21:08","43:36","1:30:02","2:25:08","4:24:26"
"1136","12:15","21:09","43:38","1:30:05","2:25:13","4:24:37"
"1135","-","21:10","43:39","1:30:09","2:25:19","4:24:47"
"1134","12:16","-","43:41","1:30:12","2:25:25","4:24:58"
"1133","-","21:11","43:43","1:30:16","2:25:30","4:25:09"
"1132","12:17","21:12","43:44","1:30:19","2:25:36","4:25:19"
"1131","-","21:13","43:46","1:30:23","2:25:42","4:25:30"
"1130","12:18","21:14","43:48","1:30:26","2:25:47","4:25:40"
"1129","-","21:15","43:50","1:30:29","2:25:53","4:25:51"
"1128","12:19","-","43:51","1:30:33","2:25:59","4:26:02"
"1127","-","21:16","43:53","1:30:36","2:26:04","4:26:12"
"1126","12:20","21:17","43:55","1:30:40","2:26:10","4:26:23"
"1125","-","21:18","43:56","1:30:43","2:26:16","4:26:34"
"1124","12:21","21:19","43:58","1:30:47","2:26:21","4:26:44"
"1123","-","-","44:00","1:30:50","2:26:27","4:26:55"
"1122","12:22","21:20","44:01","1:30:54","2:26:33","4:27:06"
"1121","-","21:21","44:03","1:30:57","2:26:38","4:27:16"
"1120","12:23","21:22","44:05","1:31:00","2:26:44","4:27:27"
"1119","-","21:23","44:06","1:31:04","2:26:50","4:27:38"
"1118","12:24","21:24","44:08","1:31:07","2:26:55","4:27:48"
"1117","-","-","44:10","1:31:11","2:27:01","4:27:59"
"1116","12:25","21:25","44:12","1:31:14","2:27:07","4:28:10"
"1115","12:26","21:26","44:13","1:31:18","2:27:13","4:28:20"
"1114","-","21:27","44:15","1:31:21","2:27:18","4:28:31"
"1113","12:27","21:28","44:17","1:31:25","2:27:24","4:28:42"
"1112","-","21:29","44:18","1:31:28","2:27:30","4:28:52"
"1111","12:28","-","44:20","1:31:32","2:27:35","4:29:03"
"1110","-","21:30","44:22","1:31:35","2:27:41","4:29:14"
"1109","12:29","21:31","44:23","1:31:39","2:27:47","4:29:25"
"1108","-","21:32","44:25","1:31:42","2:27:52","4:29:35"
"1107","12:30","21:33","44:27","1:31:45","2:27:58","4:29:46"
"1106","-","21:34","44:29","1:31:49","2:28:04","4:29:57"
"1105","12:31","-","44:30","1:31:52","2:28:10","4:30:08"
"1104","-","21:35","44:32","1:31:56","2:28:15","4:30:18"
"1103","12:32","21:36","44:34","1:31:59","2:28:21","4:30:29"
"1102","-","21:37","44:35","1:32:03","2:28:27","4:30:40"
"1101","12:33","21:38","44:37","1:32:06","2:28:33","4:30:51"
"1100","-","21:39","44:39","1:32:10","2:28:38","4:31:01"
"1099","12:34","-","44:40","1:32:13","2:28:44","4:31:12"
"1098","-","21:40","44:42","1:32:17","2:28:50","4:31:23"
"1097","12:35","21:41","44:44","1:32:20","2:28:56","4:31:34"
"1096","-","21:42","44:46","1:32:24","2:29:01","4:31:44"
"1095","12:36","21:43","44:47","1:32:27","2:29:07","4:31:55"
"1094","-","21:44","44:49","1:32:31","2:29:13","4:32:06"
"1093","12:37","21:45","44:51","1:32:34","2:29:19","4:32:17"
"1092","-","-","44:52","1:32:38","2:29:24","4:32:28"
"1091","12:38","21:46","44:54","1:32:41","2:29:30","4:32:38"
"1090","-","21:47","44:56","1:32:45","2:29:36","4:32:49"
"1089","12:39","21:48","44:58","1:32:48","2:29:42","4:33:00"
"1088","-","21:49","44:59","1:32:52","2:29:47","4:33:11"
"1087","12:40","21:50","45:01","1:32:55","2:29:53","4:33:22"
"1086","-","-","45:03","1:32:59","2:29:59","4:33:33"
"1085","12:41","21:51","45:04","1:33:02","2:30:05","4:33:43"
"1084","-","21:52","45:06","1:33:06","2:30:10","4:33:54"
"1083","12:42","21:53","45:08","1:33:09","2:30:16","4:34:05"
"1082","-","21:54","45:10","1:33:13","2:30:22","4:34:16"
"1081","12:43","21:55","45:11","1:33:16","2:30:28","4:34:27"
"1080","-","-","45:13","1:33:20","2:30:34","4:34:38"
"1079","12:44","21:56","45:15","1:33:23","2:30:39","4:34:49"
"1078","-","21:57","45:17","1:33:27","2:30:45","4:34:59"
"1077","12:45","21:58","45:18","1:33:30","2:30:51","4:35:10"
"1076","-","21:59","45:20","1:33:34","2:30:57","4:35:21"
"1075","12:46","22:00","45:22","1:33:38","2:31:03","4:35:32"
"1074","-","22:01","45:23","1:33:41","2:31:08","4:35:43"
"1073","12:47","-","45:25","1:33:45","2:31:14","4:35:54"
"1072","-","22:02","45:27","1:33:48","2:31:20","4:36:05"
"1071","12:48","22:03","45:29","1:33:52","2:31:26","4:36:16"
"1070","-","22:04","45:30","1:33:55","2:31:32","4:36:27"
"1069","12:49","22:05","45:32","1:33:59","2:31:38","4:36:38"
"1068","-","22:06","45:34","1:34:02","2:31:43","4:36:48"
"1067","12:50","-","45:36","1:34:06","2:31:49","4:36:59"
"1066","12:51","22:07","45:37","1:34:09","2:31:55","4:37:10"
"1065","-","22:08","45:39","1:34:13","2:32:01","4:37:21"
"1064","12:52","22:09","45:41","1:34:16","2:32:07","4:37:32"
"1063","-","22:10","45:42","1:34:20","2:32:12","4:37:43"
"1062","12:53","22:11","45:44","1:34:23","2:32:18","4:37:54"
"1061","-","22:12","45:46","1:34:27","2:32:24","4:38:05"
"1060","12:54","-","45:48","1:34:31","2:32:30","4:38:16"
"1059","-","22:13","45:49","1:34:34","2:32:36","4:38:27"
"1058","12:55","22:14","45:51","1:34:38","2:32:42","4:38:38"
"1057","-","22:15","45:53","1:34:41","2:32:48","4:38:49"
"1056","12:56","22:16","45:55","1:34:45","2:32:53","4:39:00"
"1055","-","22:17","45:56","1:34:48","2:32:59","4:39:11"
"1054","12:57","22:18","45:58","1:34:52","2:33:05","4:39:22"
"1053","-","-","46:00","1:34:55","2:33:11","4:39:33"
"1052","12:58","22:19","46:02","1:34:59","2:33:17","4:39:44"
"1051","-","22:20","46:03","1:35:03","2:33:23","4:39:55"
"1050","12:59","22:21","46:05","1:35:06","2:33:29","4:40:06"
"1049","-","22:22","46:07","1:35:10","2:33:34","4:40:17"
"1048","13:00","22:23","46:09","1:35:13","2:33:40","4:40:28"
"1047","-","22:24","46:10","1:35:17","2:33:46","4:40:39"
"1046","13:01","-","46:12","1:35:20","2:33:52","4:40:50"
"1045","-","22:25","46:14","1:35:24","2:33:58","4:41:01"
"1044","13:02","22:26","46:16","1:35:28","2:34:04","4:41:12"
"1043","-","22:27","46:17","1:35:31","2:34:10","4:41:23"
"1042","13:03","22:28","46:19","1:35:35","2:34:16","4:41:34"
"1041","-","22:29","46:21","1:35:38","2:34:22","4:41:45"
"1040","13:04","22:30","46:23","1:35:42","2:34:28","4:41:56"
"1039","13:05","-","46:24","1:35:46","2:34:33","4:42:08"
"1038","-","22:31","46:26","1:35:49","2:34:39","4:42:19"
"1037","13:06","22:32","46:28","1:35:53","2:34:45","4:42:30"
"1036","-","22:33","46:30","1:35:56","2:34:51","4:42:41"
"1035","13:07","22:34","46:31","1:36:00","2:34:57","4:42:52"
"1034","-","22:35","46:33","1:36:03","2:35:03","4:43:03"
"1033","13:08","22:36","46:35","1:36:07","2:35:09","4:43:14"
"1032","-","-","46:37","1:36:11","2:35:15","4:43:25"
"1031","13:09","22:37","46:39","1:36:14","2:35:21","4:43:36"
"1030","-","22:38","46:40","1:36:18","2:35:27","4:43:47"
"1029","13:10","22:39","46:42","1:36:21","2:35:33","4:43:59"
"1028","-","22:40","46:44","1:36:25","2:35:39","4:44:10"
"1027","13:11","22:41","46:46","1:36:29","2:35:44","4:44:21"
"1026","-","22:42","46:47","1:36:32","2:35:50","4:44:32"
"1025","13:12","-","46:49","1:36:36","2:35:56","4:44:43"
"1024","-","22:43","46:51","1:36:40","2:36:02","4:44:54"
"1023","13:13","22:44","46:53","1:36:43","2:36:08","4:45:06"
"1022","-","22:45","46:54","1:36:47","2:36:14","4:45:17"
"1021","13:14","22:46","46:56","1:36:50","2:36:20","4:45:28"
"1020","13:15","22:47","46:58","1:36:54","2:36:26","4:45:39"
"1019","-","22:48","47:00","1:36:58","2:36:32","4:45:50"
"1018","13:16","22:49","47:02","1:37:01","2:36:38","4:46:01"
"1017","-","-","47:03","1:37:05","2:36:44","4:46:13"
"1016","13:17","22:50","47:05","1:37:09","2:36:50","4:46:24"
"1015","-","22:51","47:07","1:37:12","2:36:56","4:46:35"
"1014","13:18","22:52","47:09","1:37:16","2:37:02","4:46:46"
"1013","-","22:53","47:10","1:37:19","2:37:08","4:46:57"
"1012","13:19","22:54","47:12","1:37:23","2:37:14","4:47:09"
"1011","-","22:55","47:14","1:37:27","2:37:20","4:47:20"
"1010","13:20","22:56","47:16","1:37:30","2:37:26","4:47:31"
"1009","-","-","47:18","1:37:34","2:37:32","4:47:42"
"1008","13:21","22:57","47:19","1:37:38","2:37:38","4:47:54"
"1007","-","22:58","47:21","1:37:41","2:37:44","4:48:05"
"1006","13:22","22:59","47:23","1:37:45","2:37:50","4:48:16"
"1005","-","23:00","47:25","1:37:49","2:37:56","4:48:27"
"1004","13:23","23:01","47:26","1:37:52","2:38:02","4:48:39"
"1003","13:24","23:02","47:28","1:37:56","2:38:08","4:48:50"
"1002","-","23:03","47:30","1:37:59","2:38:14","4:49:01"
"1001","13:25","-","47:32","1:38:03","2:38:20","4:49:13"
"1000","-","23:04","47:34","1:38:07","2:38:26","4:49:24"
"999","13:26","23:05","47:35","1:38:10","2:38:32","4:49:35"
"998","-","23:06","47:37","1:38:14","2:38:38","4:49:46"
"997","13:27","23:07","47:39","1:38:18","2:38:44","4:49:58"
"996","-","23:08","47:41","1:38:21","2:38:50","4:50:09"
"995","13:28","23:09","47:43","1:38:25","2:38:56","4:50:20"
"994","-","23:10","47:44","1:38:29","2:39:02","4:50:32"
"993","13:29","-","47:46","1:38:32","2:39:08","4:50:43"
"992","-","23:11","47:48","1:38:36","2:39:14","4:50:54"
"991","13:30","23:12","47:50","1:38:40","2:39:20","4:51:06"
"990","-","23:13","47:52","1:38:43","2:39:26","4:51:17"
"989","13:31","23:14","47:53","1:38:47","2:39:32","4:51:28"
"988","13:32","23:15","47:55","1:38:51","2:39:38","4:51:40"
"987","-","23:16","47:57","1:38:54","2:39:44","4:51:51"
"986","13:33","23:17","47:59","1:38:58","2:39:50","4:52:02"
"985","-","23:18","48:01","1:39:02","2:39:57","4:52:14"
"984","13:34","-","48:02","1:39:06","2:40:03","4:52:25"
"983","-","23:19","48:04","1:39:09","2:40:09","4:52:37"
"982","13:35","23:20","48:06","1:39:13","2:40:15","4:52:48"
"981","-","23:21","48:08","1:39:17","2:40:21","4:52:59"
"980","13:36","23:22","48:10","1:39:20","2:40:27","4:53:11"
"979","-","23:23","48:11","1:39:24","2:40:33","4:53:22"
"978","13:37","23:24","48:13","1:39:28","2:40:39","4:53:34"
"977","-","23:25","48:15","1:39:31","2:40:45","4:53:45"
"976","13:38","-","48:17","1:39:35","2:40:51","4:53:57"
"975","13:39","23:26","48:19","1:39:39","2:40:57","4:54:08"
"974","-","23:27","48:21","1:39:42","2:41:03","4:54:19"
"973","13:40","23:28","48:22","1:39:46","2:41:10","4:54:31"
"972","-","23:29","48:24","1:39:50","2:41:16","4:54:42"
"971","13:41","23:30","48:26","1:39:54","2:41:22","4:54:54"
"970","-","23:31","48:28","1:39:57","2:41:28","4:55:05"
"969","13:42","23:32","48:30","1:40:01","2:41:34","4:55:17"
"968","-","23:33","48:31","1:40:05","2:41:40","4:55:28"
"967","13:43","23:34","48:33","1:40:08","2:41:46","4:55:40"
"966","-","-","48:35","1:40:12","2:41:52","4:55:51"
"965","13:44","23:35","48:37","1:40:16","2:41:58","4:56:03"
"964","-","23:36","48:39","1:40:20","2:42:05","4:56:14"
"963","13:45","23:37","48:41","1:40:23","2:42:11","4:56:26"
"962","13:46","23:38","48:42","1:40:27","2:42:17","4:56:37"
"961","-","23:39","48:44","1:40:31","2:42:23","4:56:49"
"960","13:47","23:40","48:46","1:40:35","2:42:29","4:57:00"
"959","-","23:41","48:48","1:40:38","2:42:35","4:57:12"
"958","13:48","23:42","48:50","1:40:42","2:42:41","4:57:23"
"957","-","-","48:52","1:40:46","2:42:48","4:57:35"
"956","13:49","23:43","48:53","1:40:49","2:42:54","4:57:46"
"955","-","23:44","48:55","1:40:53","2:43:00","4:57:58"
"954","13:50","23:45","48:57","1:40:57","2:43:06","4:58:09"
"953","-","23:46","48:59","1:41:01","2:43:12","4:58:21"
"952","13:51","23:47","49:01","1:41:04","2:43:18","4:58:33"
"951","13:52","23:48","49:03","1:41:08","2:43:25","4:58:44"
"950","-","23:49","49:04","1:41:12","2:43:31","4:58:56"
"949","13:53","23:50","49:06","1:41:16","2:43:37","4:59:07"
"948","-","23:51","49:08","1:41:19","2:43:43","4:59:19"
"947","13:54","-","49:10","1:41:23","2:43:49","4:59:31"
"946","-","23:52","49:12","1:41:27","2:43:55","4:59:42"
"945","13:55","23:53","49:14","1:41:31","2:44:02","4:59:54"
"944","-","23:54","49:15","1:41:34","2:44:08","5:00:05"
"943","13:56","23:55","49:17","1:41:38","2:44:14","5:00:17"
"942","-","23:56","49:19","1:41:42","2:44:20","5:00:29"
"941","13:57","23:57","49:21","1:41:46","2:44:26","5:00:40"
"940","13:58","23:58","49:23","1:41:50","2:44:33","5:00:52"
"939","-","23:59","49:25","1:41:53","2:44:39","5:01:04"
"938","13:59","24:00","49:26","1:41:57","2:44:45","5:01:15"
"937","-","-","49:28","1:42:01","2:44:51","5:01:27"
"936","14:00","24:01","49:30","1:42:05","2:44:58","5:01:39"
"935","-","24:02","49:32","1:42:08","2:45:04","5:01:50"
"934","14:01","24:03","49:34","1:42:12","2:45:10","5:02:02"
"933","-","24:04","49:36","1:42:16","2:45:16","5:02:14"
"932","14:02","24:05","49:38","1:42:20","2:45:22","5:02:25"
"931","14:03","24:06","49:39","1:42:24","2:45:29","5:02:37"
"930","-","24:07","49:41","1:42:27","2:45:35","5:02:49"
"929","14:04","24:08","49:43","1:42:31","2:45:41","5:03:00"
"928","-","24:09","49:45","1:42:35","2:45:47","5:03:12"
"927","14:05","24:10","49:47","1:42:39","2:45:54","5:03:24"
"926","-","-","49:49","1:42:43","2:46:00","5:03:36"
"925","14:06","24:11","49:51","1:42:46","2:46:06","5:03:47"
"924","-","24:12","49:52","1:42:50","2:46:12","5:03:59"
"923","14:07","24:13","49:54","1:42:54","2:46:19","5:04:11"
"922","-","24:14","49:56","1:42:58","2:46:25","5:04:23"
"921","14:08","24:15","49:58","1:43:02","2:46:31","5:04:34"
"920","14:09","24:16","50:00","1:43:05","2:46:37","5:04:46"
"919","-","24:17","50:02","1:43:09","2:46:44","5:04:58"
"918","14:10","24:18","50:04","1:43:13","2:46:50","5:05:10"
"917","-","24:19","50:06","1:43:17","2:46:56","5:05:21"
"916","14:11","24:20","50:07","1:43:21","2:47:03","5:05:33"
"915","-","24:21","50:09","1:43:24","2:47:09","5:05:45"
"914","14:12","-","50:11","1:43:28","2:47:15","5:05:57"
"913","14:13","24:22","50:13","1:43:32","2:47:22","5:06:09"
"912","-","24:23","50:15","1:43:36","2:47:28","5:06:21"
"911","14:14","24:24","50:17","1:43:40","2:47:34","5:06:32"
"910","-","24:25","50:19","1:43:44","2:47:40","5:06:44"
"909","14:15","24:26","50:21","1:43:47","2:47:47","5:06:56"
"908","-","24:27","50:22","1:43:51","2:47:53","5:07:08"
"907","14:16","24:28","50:24","1:43:55","2:47:59","5:07:20"
"906","-","24:29","50:26","1:43:59","2:48:06","5:07:32"
"905","14:17","24:30","50:28","1:44:03","2:48:12","5:07:43"
"904","14:18","24:31","50:30","1:44:07","2:48:18","5:07:55"
"903","-","24:32","50:32","1:44:10","2:48:25","5:08:07"
"902","14:19","24:33","50:34","1:44:14","2:48:31","5:08:19"
"901","-","-","50:36","1:44:18","2:48:37","5:08:31"
"900","14:20","24:34","50:37","1:44:22","2:48:44","5:08:43"
"899","-","24:35","50:39","1:44:26","2:48:50","5:08:55"
"898","14:21","24:36","50:41","1:44:30","2:48:56","5:09:07"
"897","-","24:37","50:43","1:44:34","2:49:03","5:09:19"
"896","14:22","24:38","50:45","1:44:37","2:49:09","5:09:31"
"895","14:23","24:39","50:47","1:44:41","2:49:15","5:09:43"
"894","-","24:40","50:49","1:44:45","2:49:22","5:09:54"
"893","14:24","24:41","50:51","1:44:49","2:49:28","5:10:06"
"892","-","24:42","50:53","1:44:53","2:49:35","5:10:18"
"891","14:25","24:43","50:55","1:44:57","2:49:41","5:10:30"
"890","-","24:44","50:56","1:45:01","2:49:47","5:10:42"
"889","14:26","24:45","50:58","1:45:05","2:49:54","5:10:54"
"888","14:27","24:46","51:00","1:45:08","2:50:00","5:11:06"
"887","-","-","51:02","1:45:12","2:50:06","5:11:18"
"886","14:28","24:47","51:04","1:45:16","2:50:13","5:11:30"
"885","-","24:48","51:06","1:45:20","2:50:19","5:11:42"
"884","14:29","24:49","51:08","1:45:24","2:50:26","5:11:54"
"883","-","24:50","51:10","1:45:28","2:50:32","5:12:06"
"882","14:30","24:51","51:12","1:45:32","2:50:38","5:12:18"
"881","-","24:52","51:14","1:45:36","2:50:45","5:12:30"
"880","-","24:53","51:15","1:45:40","2:50:51","5:12:42"
"879","14:32","24:54","51:17","1:45:43","2:50:58","5:12:54"
"878","-","24:55","51:19","1:45:47","2:51:04","5:13:06"
"877","14:33","24:56","51:21","1:45:51","2:51:11","5:13:19"
"876","-","24:57","51:23","1:45:55","2:51:17","5:13:31"
"875","14:34","24:58","51:25","1:45:59","2:51:23","5:13:43"
"874","-","24:59","51:27","1:46:03","2:51:30","5:13:55"
"873","14:35","25:00","51:29","1:46:07","2:51:36","5:14:07"
"872","14:36","-","51:31","1:46:11","2:51:43","5:14:19"
"871","-","25:01","51:33","1:46:15","2:51:49","5:14:31"
"870","14:37","25:02","51:35","1:46:19","2:51:56","5:14:43"
"869","-","25:03","51:37","1:46:23","2:52:02","5:14:55"
"868","14:38","25:04","51:38","1:46:26","2:52:09","5:15:07"
"867","-","25:05","51:40","1:46:30","2:52:15","5:15:19"
"866","14:39","25:06","51:42","1:46:34","2:52:21","5:15:32"
"865","14:40","25:07","51:44","1:46:38","2:52:28","5:15:44"
"864","-","25:08","51:46","1:46:42","2:52:34","5:15:56"
"863","14:41","25:09","51:48","1:46:46","2:52:41","5:16:08"
"862","-","25:10","51:50","1:46:50","2:52:47","5:16:20"
"861","14:42","25:11","51:52","1:46:54","2:52:54","5:16:32"
"860","-","25:12","51:54","1:46:58","2:53:00","5:16:45"
"859","14:43","25:13","51:56","1:47:02","2:53:07","5:16:57"
"858","14:44","25:14","51:58","1:47:06","2:53:13","5:17:09"
"857","-","25:15","52:00","1:47:10","2:53:20","5:17:21"
"856","14:45","25:16","52:02","1:47:14","2:53:26","5:17:33"
"855","-","25:17","52:04","1:47:18","2:53:33","5:17:46"
"854","14:46","-","52:05","1:47:22","2:53:39","5:17:58"
"853","14:47","25:18","52:07","1:47:26","2:53:46","5:18:10"
"852","-","25:19","52:09","1:47:30","2:53:52","5:18:22"
"851","14:48","25:20","52:11","1:47:34","2:53:59","5:18:34"
"850","-","25:21","52:13","1:47:38","2:54:05","5:18:47"
"849","14:49","25:22","52:15","1:47:41","2:54:12","5:18:59"
"848","-","25:23","52:17","1:47:45","2:54:19","5:19:11"
"847","14:50","25:24","52:19","1:47:49","2:54:25","5:19:23"
"846","14:51","25:25","52:21","1:47:53","2:54:32","5:19:36"
"845","-","25:26","52:23","1:47:57","2:54:38","5:19:48"
"844","14:52","25:27","52:25","1:48:01","2:54:45","5:20:00"
"843","-","25:28","52:27","1:48:05","2:54:51","5:20:13"
"842","14:53","25:29","52:29","1:48:09","2:54:58","5:20:25"
"841","-","25:30","52:31","1:48:13","2:55:04","5:20:37"
"840","14:54","25:31","52:33","1:48:17","2:55:11","5:20:50"
"839","14:55","25:32","52:35","1:48:21","2:55:18","5:21:02"
"838","-","25:33","52:37","1:48:25","2:55:24","5:21:14"
"837","14:56","25:34","52:39","1:48:29","2:55:31","5:21:27"
"836","-","25:35","52:41","1:48:33","2:55:37","5:21:39"
"835","14:57","25:36","52:43","1:48:37","2:55:44","5:21:51"
"834","14:58","25:37","52:44","1:48:41","2:55:50","5:22:04"
"833","-","25:38","52:46","1:48:45","2:55:57","5:22:16"
"832","14:59","25:39","52:48","1:48:49","2:56:04","5:22:28"
"831","-","-","52:50","1:48:53","2:56:10","5:22:41"
"830","15:00","25:40","52:52","1:48:57","2:56:17","5:22:53"
"829","-","25:41","52:54","1:49:01","2:56:23","5:23:06"
"828","15:01","25:42","52:56","1:49:05","2:56:30","5:23:18"
"827","15:02","25:43","52:58","1:49:09","2:56:37","5:23:30"
"826","-","25:44","53:00","1:49:13","2:56:43","5:23:43"
"825","15:03","25:45","53:02","1:49:17","2:56:50","5:23:55"
"824","-","25:46","53:04","1:49:21","2:56:57","5:24:08"
"823","15:04","25:47","53:06","1:49:25","2:57:03","5:24:20"
"822","15:05","25:48","53:08","1:49:29","2:57:10","5:24:33"
"821","-","25:49","53:10","1:49:34","2:57:16","5:24:45"
"820","15:06","25:50","53:12","1:49:38","2:57:23","5:24:57"
"819","-","25:51","53:14","1:49:42","2:57:30","5:25:10"
"818","15:07","25:52","53:16","1:49:46","2:57:36","5:25:22"
"817","15:08","25:53","53:18","1:49:50","2:57:43","5:25:35"
"816","-","25:54","53:20","1:49:54","2:57:50","5:25:47"
"815","15:09","25:55","53:22","1:49:58","2:57:56","5:26:00"
"814","-","25:56","53:24","1:50:02","2:58:03","5:26:12"
"813","15:10","25:57","53:26","1:50:06","2:58:10","5:26:25"
"812","-","25:58","53:28","1:50:10","2:58:16","5:26:37"
"811","15:11","25:59","53:30","1:50:14","2:58:23","5:26:50"
"810","15:12","26:00","53:32","1:50:18","2:58:30","5:27:03"
"809","-","26:01","53:34","1:50:22","2:58:36","5:27:15"
"808","15:13","26:02","53:36","1:50:26","2:58:43","5:27:28"
"807","-","26:03","53:38","1:50:30","2:58:50","5:27:40"
"806","15:14","26:04","53:40","1:50:34","2:58:57","5:27:53"
"805","15:15","26:05","53:42","1:50:38","2:59:03","5:28:05"
"804","-","26:06","53:44","1:50:42","2:59:10","5:28:18"
"803","15:16","26:07","53:46","1:50:47","2:59:17","5:28:31"
"802","-","26:08","53:48","1:50:51","2:59:23","5:28:43"
"801","15:17","26:09","53:50","1:50:55","2:59:30","5:28:56"
"800","15:18","26:10","53:52","1:50:59","2:59:37","5:29:08"
"799","-","26:11","53:54","1:51:03","2:59:44","5:29:21"
"798","15:19","26:12","53:56","1:51:07","2:59:50","5:29:34"
"797","-","26:13","53:58","1:51:11","2:59:57","5:29:46"
"796","15:20","26:14","54:00","1:51:15","3:00:04","5:29:59"
"795","15:21","26:15","54:02","1:51:19","3:00:11","5:30:12"
"794","-","26:16","54:04","1:51:23","3:00:17","5:30:24"
"793","15:22","-","54:06","1:51:27","3:00:24","5:30:37"
"792","-","26:17","54:08","1:51:32","3:00:31","5:30:50"
"791","15:23","26:18","54:10","1:51:36","3:00:38","5:31:02"
"790","15:24","26:19","54:12","1:51:40","3:00:44","5:31:15"
"789","-","26:20","54:14","1:51:44","3:00:51","5:31:28"
"788","15:25","26:21","54:16","1:51:48","3:00:58","5:31:41"
"787","-","26:22","54:18","1:51:52","3:01:05","5:31:53"
"786","15:26","26:23","54:20","1:51:56","3:01:11","5:32:06"
"785","15:27","26:24","54:22","1:52:00","3:01:18","5:32:19"
"784","-","26:25","54:24","1:52:05","3:01:25","5:32:32"
"783","15:28","26:26","54:26","1:52:09","3:01:32","5:32:44"
"782","-","26:27","54:28","1:52:13","3:01:39","5:32:57"
"781","15:29","26:28","54:30","1:52:17","3:01:45","5:33:10"
"780","15:30","26:29","54:32","1:52:21","3:01:52","5:33:23"
"779","-","26:30","54:34","1:52:25","3:01:59","5:33:35"
"778","15:31","26:31","54:36","1:52:29","3:02:06","5:33:48"
"777","-","26:32","54:38","1:52:34","3:02:13","5:34:01"
"776","15:32","26:33","54:40","1:52:38","3:02:20","5:34:14"
"775","15:33","26:34","54:42","1:52:42","3:02:26","5:34:27"
"774","-","26:35","54:44","1:52:46","3:02:33","5:34:39"
"773","15:34","26:36","54:46","1:52:50","3:02:40","5:34:52"
"772","-","26:37","54:48","1:52:54","3:02:47","5:35:05"
"771","15:35","26:38","54:51","1:52:58","3:02:54","5:35:18"
"770","15:36","26:39","54:53","1:53:03","3:03:01","5:35:31"
"769","-","26:40","54:55","1:53:07","3:03:08","5:35:44"
"768","15:37","26:41","54:57","1:53:11","3:03:14","5:35:57"
"767","-","26:42","54:59","1:53:15","3:03:21","5:36:10"
"766","15:38","26:43","55:01","1:53:19","3:03:28","5:36:22"
"765","15:39","26:44","55:03","1:53:23","3:03:35","5:36:35"
"764","-","26:45","55:05","1:53:28","3:03:42","5:36:48"
"763","15:40","26:46","55:07","1:53:32","3:03:49","5:37:01"
"762","-","26:47","55:09","1:53:36","3:03:56","5:37:14"
"761","15:41","26:48","55:11","1:53:40","3:04:03","5:37:27"
"760","15:42","26:49","55:13","1:53:44","3:04:10","5:37:40"
"759","-","26:50","55:15","1:53:49","3:04:16","5:37:53"
"758","15:43","26:51","55:17","1:53:53","3:04:23","5:38:06"
"757","15:44","26:52","55:19","1:53:57","3:04:30","5:38:19"
"756","-","26:53","55:21","1:54:01","3:04:37","5:38:32"
"755","15:45","26:54","55:23","1:54:05","3:04:44","5:38:45"
"754","-","26:55","55:25","1:54:10","3:04:51","5:38:58"
"753","15:46","26:56","55:27","1:54:14","3:04:58","5:39:11"
"752","15:47","26:57","55:30","1:54:18","3:05:05","5:39:24"
"751","-","26:58","55:32","1:54:22","3:05:12","5:39:37"
"750","15:48","26:59","55:34","1:54:26","3:05:19","5:39:50"
"749","-","27:00","55:36","1:54:31","3:05:26","5:40:03"
"748","15:49","27:01","55:38","1:54:35","3:05:33","5:40:16"
"747","15:50","27:02","55:40","1:54:39","3:05:40","5:40:29"
"746","-","27:04","55:42","1:54:43","3:05:47","5:40:42"
"745","15:51","27:05","55:44","1:54:48","3:05:54","5:40:55"
"744","15:52","27:06","55:46","1:54:52","3:06:01","5:41:08"
"743","-","27:07","55:48","1:54:56","3:06:08","5:41:21"
"742","15:53","27:08","55:50","1:55:00","3:06:15","5:41:35"
"741","-","27:09","55:52","1:55:05","3:06:22","5:41:48"
"740","15:54","27:10","55:54","1:55:09","3:06:29","5:42:01"
"739","15:55","27:11","55:56","1:55:13","3:06:36","5:42:14"
"738","-","27:12","55:59","1:55:17","3:06:43","5:42:27"
"737","15:56","27:13","56:01","1:55:22","3:06:50","5:42:40"
"736","-","27:14","56:03","1:55:26","3:06:57","5:42:53"
"735","15:57","27:15","56:05","1:55:30","3:07:04","5:43:07"
"734","15:58","27:16","56:07","1:55:34","3:07:11","5:43:20"
"733","-","27:17","56:09","1:55:39","3:07:18","5:43:33"
"732","15:59","27:18","56:11","1:55:43","3:07:25","5:43:46"
"731","16:00","27:19","56:13","1:55:47","3:07:32","5:43:59"
"730","-","27:20","56:15","1:55:52","3:07:39","5:44:13"
"729","16:01","27:21","56:17","1:55:56","3:07:46","5:44:26"
"728","-","27:22","56:19","1:56:00","3:07:53","5:44:39"
"727","16:02","27:23","56:22","1:56:04","3:08:00","5:44:52"
"726","16:03","27:24","56:24","1:56:09","3:08:07","5:45:06"
"725","-","27:25","56:26","1:56:13","3:08:14","5:45:19"
"724","16:04","27:26","56:28","1:56:17","3:08:21","5:45:32"
"723","16:05","27:27","56:30","1:56:22","3:08:28","5:45:45"
"722","-","27:28","56:32","1:56:26","3:08:35","5:45:59"
"721","16:06","27:29","56:34","1:56:30","3:08:42","5:46:12"
"720","-","27:30","56:36","1:56:34","3:08:49","5:46:25"
"719","16:07","27:31","56:38","1:56:39","3:08:57","5:46:39"
"718","16:08","27:32","56:41","1:56:43","3:09:04","5:46:52"
"717","-","27:33","56:43","1:56:47","3:09:11","5:47:05"
"716","16:09","27:34","56:45","1:56:52","3:09:18","5:47:19"
"715","16:10","27:35","56:47","1:56:56","3:09:25","5:47:32"
"714","-","27:36","56:49","1:57:00","3:09:32","5:47:45"
"713","16:11","27:37","56:51","1:57:05","3:09:39","5:47:59"
"712","16:12","27:38","56:53","1:57:09","3:09:46","5:48:12"
"711","-","27:40","56:55","1:57:13","3:09:53","5:48:25"
"710","16:13","27:41","56:58","1:57:18","3:10:01","5:48:39"
"709","-","27:42","57:00","1:57:22","3:10:08","5:48:52"
"708","16:14","27:43","57:02","1:57:26","3:10:15","5:49:06"
"707","16:15","27:44","57:04","1:57:31","3:10:22","5:49:19"
"706","-","27:45","57:06","1:57:35","3:10:29","5:49:32"
"705","16:16","27:46","57:08","1:57:39","3:10:36","5:49:46"
"704","16:17","27:47","57:10","1:57:44","3:10:44","5:49:59"
"703","-","27:48","57:12","1:57:48","3:10:51","5:50:13"
"702","16:18","27:49","57:15","1:57:53","3:10:58","5:50:26"
"701","-","27:50","57:17","1:57:57","3:11:05","5:50:40"
"700","16:19","27:51","57:19","1:58:01","3:11:12","5:50:53"
"699","16:20","27:52","57:21","1:58:06","3:11:19","5:51:07"
"698","-","27:53","57:23","1:58:10","3:11:27","5:51:20"
"697","16:21","27:54","57:25","1:58:14","3:11:34","5:51:34"
"696","16:22","27:55","57:27","1:58:19","3:11:41","5:51:47"
"695","-","27:56","57:30","1:58:23","3:11:48","5:52:01"
"694","16:23","27:57","57:32","1:58:28","3:11:56","5:52:14"
"693","16:24","27:58","57:34","1:58:32","3:12:03","5:52:28"
"692","-","27:59","57:36","1:58:36","3:12:10","5:52:42"
"691","16:25","28:00","57:38","1:58:41","3:12:17","5:52:55"
"690","16:26","28:02","57:40","1:58:45","3:12:25","5:53:09"
"689","-","28:03","57:43","1:58:49","3:12:32","5:53:22"
"688","16:27","28:04","57:45","1:58:54","3:12:39","5:53:36"
"687","-","28:05","57:47","1:58:58","3:12:46","5:53:50"
"686","16:28","28:06","57:49","1:59:03","3:12:54","5:54:03"
"685","16:29","28:07","57:51","1:59:07","3:13:01","5:54:17"
"684","-","28:08","57:53","1:59:12","3:13:08","5:54:31"
"683","16:30","28:09","57:55","1:59:16","3:13:15","5:54:44"
"682","16:31","28:10","57:58","1:59:20","3:13:23","5:54:58"
"681","-","28:11","58:00","1:59:25","3:13:30","5:55:12"
"680","16:32","28:12","58:02","1:59:29","3:13:37","5:55:25"
"679","16:33","28:13","58:04","1:59:34","3:13:45","5:55:39"
"678","-","28:14","58:06","1:59:38","3:13:52","5:55:53"
"677","16:34","28:15","58:09","1:59:43","3:13:59","5:56:06"
"676","16:35","28:16","58:11","1:59:47","3:14:06","5:56:20"
"675","-","28:17","58:13","1:59:51","3:14:14","5:56:34"
"674","16:36","28:19","58:15","1:59:56","3:14:21","5:56:48"
"673","-","28:20","58:17","2:00:00","3:14:28","5:57:01"
"672","16:37","28:21","58:19","2:00:05","3:14:36","5:57:15"
"671","16:38","28:22","58:22","2:00:09","3:14:43","5:57:29"
"670","-","28:23","58:24","2:00:14","3:14:50","5:57:43"
"669","16:39","28:24","58:26","2:00:18","3:14:58","5:57:56"
"668","16:40","28:25","58:28","2:00:23","3:15:05","5:58:10"
"667","-","28:26","58:30","2:00:27","3:15:13","5:58:24"
"666","16:41","28:27","58:33","2:00:32","3:15:20","5:58:38"
"665","16:42","28:28","58:35","2:00:36","3:15:27","5:58:52"
"664","-","28:29","58:37","2:00:41","3:15:35","5:59:06"
"663","16:43","28:30","58:39","2:00:45","3:15:42","5:59:20"
"662","16:44","28:31","58:41","2:00:50","3:15:49","5:59:33"
"661","-","28:32","58:44","2:00:54","3:15:57","5:59:47"
"660","16:45","28:34","58:46","2:00:59","3:16:04","6:00:01"
"659","16:46","28:35","58:48","2:01:03","3:16:12","6:00:15"
"658","-","28:36","58:50","2:01:08","3:16:19","6:00:29"
"657","16:47","28:37","58:52","2:01:12","3:16:27","6:00:43"
"656","16:48","28:38","58:55","2:01:17","3:16:34","6:00:57"
"655","-","28:39","58:57","2:01:21","3:16:41","6:01:11"
"654","16:49","28:40","58:59","2:01:26","3:16:49","6:01:25"
"653","16:50","28:41","59:01","2:01:30","3:16:56","6:01:39"
"652","-","28:42","59:03","2:01:35","3:17:04","6:01:53"
"651","16:51","28:43","59:06","2:01:39","3:17:11","6:02:07"
"650","16:52","28:44","59:08","2:01:44","3:17:19","6:02:21"
"649","-","28:46","59:10","2:01:48","3:17:26","6:02:35"
"648","16:53","28:47","59:12","2:01:53","3:17:34","6:02:49"
"647","16:54","28:48","59:15","2:01:57","3:17:41","6:03:03"
"646","-","28:49","59:17","2:02:02","3:17:49","6:03:17"
"645","16:55","28:50","59:19","2:02:07","3:17:56","6:03:31"
"644","16:56","28:51","59:21","2:02:11","3:18:04","6:03:45"
"643","-","28:52","59:23","2:02:16","3:18:11","6:03:59"
"642","16:57","28:53","59:26","2:02:20","3:18:19","6:04:13"
"641","16:58","28:54","59:28","2:02:25","3:18:26","6:04:27"
"640","-","28:55","59:30","2:02:29","3:18:34","6:04:41"
"639","16:59","28:56","59:32","2:02:34","3:18:41","6:04:55"
"638","17:00","28:58","59:35","2:02:38","3:18:49","6:05:10"
"637","-","28:59","59:37","2:02:43","3:18:56","6:05:24"
"636","17:01","29:00","59:39","2:02:48","3:19:04","6:05:38"
"635","17:02","29:01","59:41","2:02:52","3:19:11","6:05:52"
"634","-","29:02","59:44","2:02:57","3:19:19","6:06:06"
"633","17:03","29:03","59:46","2:03:01","3:19:26","6:06:20"
"632","17:04","29:04","59:48","2:03:06","3:19:34","6:06:35"
"631","-","29:05","59:50","2:03:11","3:19:42","6:06:49"
"630","17:05","29:06","59:53","2:03:15","3:19:49","6:07:03"
"629","17:06","29:07","59:55","2:03:20","3:19:57","6:07:17"
"628","-","29:09","59:57","2:03:24","3:20:04","6:07:32"
"627","17:07","29:10","59:59","2:03:29","3:20:12","6:07:46"
"626","17:08","29:11","1:00:02","2:03:34","3:20:20","6:08:00"
"625","-","29:12","1:00:04","2:03:38","3:20:27","6:08:14"
"624","17:09","29:13","1:00:06","2:03:43","3:20:35","6:08:29"
"623","17:10","29:14","1:00:09","2:03:48","3:20:42","6:08:43"
"622","-","29:15","1:00:11","2:03:52","3:20:50","6:08:57"
"621","17:11","29:16","1:00:13","2:03:57","3:20:58","6:09:12"
"620","17:12","29:17","1:00:15","2:04:01","3:21:05","6:09:26"
"619","-","29:19","1:00:18","2:04:06","3:21:13","6:09:40"
"618","17:13","29:20","1:00:20","2:04:11","3:21:21","6:09:55"
"617","17:14","29:21","1:00:22","2:04:15","3:21:28","6:10:09"
"616","-","29:22","1:00:24","2:04:20","3:21:36","6:10:23"
"615","17:15","29:23","1:00:27","2:04:25","3:21:44","6:10:38"
"614","17:16","29:24","1:00:29","2:04:29","3:21:51","6:10:52"
"613","-","29:25","1:00:31","2:04:34","3:21:59","6:11:07"
"612","17:17","29:26","1:00:34","2:04:39","3:22:07","6:11:21"
"611","17:18","29:28","1:00:36","2:04:43","3:22:14","6:11:35"
"610","-","29:29","1:00:38","2:04:48","3:22:22","6:11:50"
"609","17:19","29:30","1:00:40","2:04:53","3:22:30","6:12:04"
"608","17:20","29:31","1:00:43","2:04:57","3:22:37","6:12:19"
"607","-","29:32","1:00:45","2:05:02","3:22:45","6:12:33"
"606","17:21","29:33","1:00:47","2:05:07","3:22:53","6:12:48"
"605","17:22","29:34","1:00:50","2:05:12","3:23:01","6:13:02"
"604","-","29:35","1:00:52","2:05:16","3:23:08","6:13:17"
"603","17:23","29:37","1:00:54","2:05:21","3:23:16","6:13:31"
"602","17:24","29:38","1:00:57","2:05:26","3:23:24","6:13:46"
"601","17:25","29:39","1:00:59","2:05:30","3:23:32","6:14:01"
"600","-","29:40","1:01:01","2:05:35","3:23:39","6:14:15"
"599","17:26","29:41","1:01:04","2:05:40","3:23:47","6:14:30"
"598","17:27","29:42","1:01:06","2:05:45","3:23:55","6:14:44"
"597","-","29:43","1:01:08","2:05:49","3:24:03","6:14:59"
"596","17:28","29:44","1:01:10","2:05:54","3:24:11","6:15:14"
"595","17:29","29:46","1:01:13","2:05:59","3:24:18","6:15:28"
"594","-","29:47","1:01:15","2:06:03","3:24:26","6:15:43"
"593","17:30","29:48","1:01:17","2:06:08","3:24:34","6:15:58"
"592","17:31","29:49","1:01:20","2:06:13","3:24:42","6:16:12"
"591","-","29:50","1:01:22","2:06:18","3:24:50","6:16:27"
"590","17:32","29:51","1:01:24","2:06:22","3:24:57","6:16:42"
"589","17:33","29:52","1:01:27","2:06:27","3:25:05","6:16:56"
"588","17:34","29:54","1:01:29","2:06:32","3:25:13","6:17:11"
"587","-","29:55","1:01:31","2:06:37","3:25:21","6:17:26"
"586","17:35","29:56","1:01:34","2:06:42","3:25:29","6:17:40"
"585","17:36","29:57","1:01:36","2:06:46","3:25:37","6:17:55"
"584","-","29:58","1:01:38","2:06:51","3:25:45","6:18:10"
"583","17:37","29:59","1:01:41","2:06:56","3:25:53","6:18:25"
"582","17:38","30:00","1:01:43","2:07:01","3:26:00","6:18:40"
"581","-","30:02","1:01:46","2:07:05","3:26:08","6:18:54"
"580","17:39","30:03","1:01:48","2:07:10","3:26:16","6:19:09"
"579","17:40","30:04","1:01:50","2:07:15","3:26:24","6:19:24"
"578","17:41","30:05","1:01:53","2:07:20","3:26:32","6:19:39"
"577","-","30:06","1:01:55","2:07:25","3:26:40","6:19:54"
"576","17:42","30:07","1:01:57","2:07:30","3:26:48","6:20:09"
"575","17:43","30:09","1:02:00","2:07:34","3:26:56","6:20:24"
"574","-","30:10","1:02:02","2:07:39","3:27:04","6:20:38"
"573","17:44","30:11","1:02:04","2:07:44","3:27:12","6:20:53"
"572","17:45","30:12","1:02:07","2:07:49","3:27:20","6:21:08"
"571","-","30:13","1:02:09","2:07:54","3:27:28","6:21:23"
"570","17:46","30:14","1:02:11","2:07:59","3:27:36","6:21:38"
"569","17:47","30:16","1:02:14","2:08:03","3:27:44","6:21:53"
"568","17:48","30:17","1:02:16","2:08:08","3:27:52","6:22:08"
"567","-","30:18","1:02:19","2:08:13","3:28:00","6:22:23"
"566","17:49","30:19","1:02:21","2:08:18","3:28:08","6:22:38"
"565","17:50","30:20","1:02:23","2:08:23","3:28:16","6:22:53"
"564","-","30:21","1:02:26","2:08:28","3:28:24","6:23:08"
"563","17:51","30:23","1:02:28","2:08:33","3:28:32","6:23:23"
"562","17:52","30:24","1:02:31","2:08:37","3:28:40","6:23:38"
"561","17:53","30:25","1:02:33","2:08:42","3:28:48","6:23:53"
"560","-","30:26","1:02:35","2:08:47","3:28:56","6:24:08"
"559","17:54","30:27","1:02:38","2:08:52","3:29:04","6:24:24"
"558","17:55","30:28","1:02:40","2:08:57","3:29:12","6:24:39"
"557","-","30:30","1:02:43","2:09:02","3:29:20","6:24:54"
"556","17:56","30:31","1:02:45","2:09:07","3:29:28","6:25:09"
"555","17:57","30:32","1:02:47","2:09:12","3:29:36","6:25:24"
"554","17:58","30:33","1:02:50","2:09:17","3:29:44","6:25:39"
"553","-","30:34","1:02:52","2:09:21","3:29:52","6:25:54"
"552","17:59","30:35","1:02:55","2:09:26","3:30:00","6:26:10"
"551","18:00","30:37","1:02:57","2:09:31","3:30:08","6:26:25"
"550","-","30:38","1:02:59","2:09:36","3:30:16","6:26:40"
"549","18:01","30:39","1:03:02","2:09:41","3:30:25","6:26:55"
"548","18:02","30:40","1:03:04","2:09:46","3:30:33","6:27:11"
"547","18:03","30:41","1:03:07","2:09:51","3:30:41","6:27:26"
"546","-","30:43","1:03:09","2:09:56","3:30:49","6:27:41"
"545","18:04","30:44","1:03:11","2:10:01","3:30:57","6:27:56"
"544","18:05","30:45","1:03:14","2:10:06","3:31:05","6:28:12"
"543","-","30:46","1:03:16","2:10:11","3:31:13","6:28:27"
"542","18:06","30:47","1:03:19","2:10:16","3:31:22","6:28:42"
"541","18:07","30:49","1:03:21","2:10:21","3:31:30","6:28:58"
"540","18:08","30:50","1:03:24","2:10:26","3:31:38","6:29:13"
"539","-","30:51","1:03:26","2:10:31","3:31:46","6:29:28"
"538","18:09","30:52","1:03:29","2:10:36","3:31:54","6:29:44"
"537","18:10","30:53","1:03:31","2:10:41","3:32:03","6:29:59"
"536","18:11","30:54","1:03:33","2:10:46","3:32:11","6:30:15"
"535","-","30:56","1:03:36","2:10:51","3:32:19","6:30:30"
"534","18:12","30:57","1:03:38","2:10:56","3:32:27","6:30:45"
"533","18:13","30:58","1:03:41","2:11:01","3:32:36","6:31:01"
"532","-","30:59","1:03:43","2:11:06","3:32:44","6:31:16"
"531","18:14","31:00","1:03:46","2:11:11","3:32:52","6:31:32"
"530","18:15","31:02","1:03:48","2:11:16","3:33:00","6:31:47"
"529","18:16","31:03","1:03:51","2:11:21","3:33:09","6:32:03"
"528","-","31:04","1:03:53","2:11:26","3:33:17","6:32:18"
"527","18:17","31:05","1:03:56","2:11:31","3:33:25","6:32:34"
"526","18:18","31:07","1:03:58","2:11:36","3:33:33","6:32:50"
"525","18:19","31:08","1:04:00","2:11:41","3:33:42","6:33:05"
"524","-","31:09","1:04:03","2:11:46","3:33:50","6:33:21"
"523","18:20","31:10","1:04:05","2:11:51","3:33:58","6:33:36"
"522","18:21","31:11","1:04:08","2:11:56","3:34:07","6:33:52"
"521","-","31:13","1:04:10","2:12:01","3:34:15","6:34:08"
"520","18:22","31:14","1:04:13","2:12:06","3:34:23","6:34:23"
"519","18:23","31:15","1:04:15","2:12:11","3:34:32","6:34:39"
"518","18:24","31:16","1:04:18","2:12:16","3:34:40","6:34:55"
"517","-","31:17","1:04:20","2:12:21","3:34:48","6:35:10"
"516","18:25","31:19","1:04:23","2:12:27","3:34:57","6:35:26"
"515","18:26","31:20","1:04:25","2:12:32","3:35:05","6:35:42"
"514","18:27","31:21","1:04:28","2:12:37","3:35:14","6:35:58"
"513","-","31:22","1:04:30","2:12:42","3:35:22","6:36:13"
"512","18:28","31:24","1:04:33","2:12:47","3:35:30","6:36:29"
"511","18:29","31:25","1:04:35","2:12:52","3:35:39","6:36:45"
"510","18:30","31:26","1:04:38","2:12:57","3:35:47","6:37:01"
"509","-","31:27","1:04:40","2:13:02","3:35:56","6:37:16"
"508","18:31","31:28","1:04:43","2:13:07","3:36:04","6:37:32"
"507","18:32","31:30","1:04:45","2:13:13","3:36:13","6:37:48"
"506","18:33","31:31","1:04:48","2:13:18","3:36:21","6:38:04"
"505","-","31:32","1:04:50","2:13:23","3:36:29","6:38:20"
"504","18:34","31:33","1:04:53","2:13:28","3:36:38","6:38:36"
"503","18:35","31:35","1:04:55","2:13:33","3:36:46","6:38:52"
"502","18:36","31:36","1:04:58","2:13:38","3:36:55","6:39:08"
"501","-","31:37","1:05:00","2:13:43","3:37:03","6:39:24"
"500","18:37","31:38","1:05:03","2:13:49","3:37:12","6:39:40"
"499","18:38","31:40","1:05:06","2:13:54","3:37:20","6:39:56"
"498","18:39","31:41","1:05:08","2:13:59","3:37:29","6:40:12"
"497","-","31:42","1:05:11","2:14:04","3:37:38","6:40:28"
"496","18:40","31:43","1:05:13","2:14:09","3:37:46","6:40:44"
"495","18:41","31:45","1:05:16","2:14:15","3:37:55","6:41:00"
"494","18:42","31:46","1:05:18","2:14:20","3:38:03","6:41:16"
"493","-","31:47","1:05:21","2:14:25","3:38:12","6:41:32"
"492","18:43","31:48","1:05:23","2:14:30","3:38:20","6:41:48"
"491","18:44","31:50","1:05:26","2:14:35","3:38:29","6:42:04"
"490","18:45","31:51","1:05:28","2:14:41","3:38:37","6:42:20"
"489","-","31:52","1:05:31","2:14:46","3:38:46","6:42:36"
"488","18:46","31:53","1:05:34","2:14:51","3:38:55","6:42:52"
"487","18:47","31:55","1:05:36","2:14:56","3:39:03","6:43:09"
"486","18:48","31:56","1:05:39","2:15:02","3:39:12","6:43:25"
"485","18:49","31:57","1:05:41","2:15:07","3:39:21","6:43:41"
"484","-","31:58","1:05:44","2:15:12","3:39:29","6:43:57"
"483","18:50","32:00","1:05:46","2:15:17","3:39:38","6:44:13"
"482","18:51","32:01","1:05:49","2:15:23","3:39:47","6:44:30"
"481","18:52","32:02","1:05:52","2:15:28","3:39:55","6:44:46"
"480","-","32:03","1:05:54","2:15:33","3:40:04","6:45:02"
"479","18:53","32:05","1:05:57","2:15:38","3:40:13","6:45:19"
"478","18:54","32:06","1:05:59","2:15:44","3:40:21","6:45:35"
"477","18:55","32:07","1:06:02","2:15:49","3:40:30","6:45:51"
"476","-","32:09","1:06:05","2:15:54","3:40:39","6:46:08"
"475","18:56","32:10","1:06:07","2:16:00","3:40:47","6:46:24"
"474","18:57","32:11","1:06:10","2:16:05","3:40:56","6:46:40"
"473","18:58","32:12","1:06:12","2:16:10","3:41:05","6:46:57"
"472","18:59","32:14","1:06:15","2:16:15","3:41:14","6:47:13"
"471","-","32:15","1:06:18","2:16:21","3:41:22","6:47:30"
"470","19:00","32:16","1:06:20","2:16:26","3:41:31","6:47:46"
"469","19:01","32:17","1:06:23","2:16:31","3:41:40","6:48:03"
"468","19:02","32:19","1:06:25","2:16:37","3:41:49","6:48:19"
"467","-","32:20","1:06:28","2:16:42","3:41:58","6:48:36"
"466","19:03","32:21","1:06:31","2:16:48","3:42:06","6:48:52"
"465","19:04","32:23","1:06:33","2:16:53","3:42:15","6:49:09"
"464","19:05","32:24","1:06:36","2:16:58","3:42:24","6:49:25"
"463","19:06","32:25","1:06:39","2:17:04","3:42:33","6:49:42"
"462","-","32:26","1:06:41","2:17:09","3:42:42","6:49:59"
"461","19:07","32:28","1:06:44","2:17:14","3:42:51","6:50:15"
"460","19:08","32:29","1:06:46","2:17:20","3:43:00","6:50:32"
"459","19:09","32:30","1:06:49","2:17:25","3:43:08","6:50:48"
"458","-","32:32","1:06:52","2:17:31","3:43:17","6:51:05"
"457","19:10","32:33","1:06:54","2:17:36","3:43:26","6:51:22"
"456","19:11","32:34","1:06:57","2:17:41","3:43:35","6:51:39"
"455","19:12","32:36","1:07:00","2:17:47","3:43:44","6:51:55"
"454","19:13","32:37","1:07:02","2:17:52","3:43:53","6:52:12"
"453","-","32:38","1:07:05","2:17:58","3:44:02","6:52:29"
"452","19:14","32:39","1:07:08","2:18:03","3:44:11","6:52:46"
"451","19:15","32:41","1:07:10","2:18:09","3:44:20","6:53:02"
"450","19:16","32:42","1:07:13","2:18:14","3:44:29","6:53:19"
"449","19:17","32:43","1:07:16","2:18:19","3:44:38","6:53:36"
"448","-","32:45","1:07:18","2:18:25","3:44:47","6:53:53"
"447","19:18","32:46","1:07:21","2:18:30","3:44:56","6:54:10"
"446","19:19","32:47","1:07:24","2:18:36","3:45:05","6:54:27"
"445","19:20","32:49","1:07:26","2:18:41","3:45:14","6:54:44"
"444","19:21","32:50","1:07:29","2:18:47","3:45:23","6:55:01"
"443","-","32:51","1:07:32","2:18:52","3:45:32","6:55:18"
"442","19:22","32:53","1:07:34","2:18:58","3:45:41","6:55:35"
"441","19:23","32:54","1:07:37","2:19:03","3:45:50","-"
"440","19:24","32:55","1:07:40","2:19:09","3:45:59","6:56:09"
"439","19:25","32:57","1:07:43","2:19:14","3:46:08","6:56:26"
"438","-","32:58","1:07:45","2:19:20","3:46:17","6:56:43"
"437","19:26","32:59","1:07:48","2:19:25","3:46:26","6:57:00"
"436","19:27","33:01","1:07:51","2:19:31","3:46:35","6:57:17"
"435","19:28","33:02","1:07:53","2:19:36","3:46:45","6:57:34"
"434","19:29","33:03","1:07:56","2:19:42","3:46:54","6:57:51"
"433","-","33:05","1:07:59","2:19:48","3:47:03","6:58:08"
"432","19:30","33:06","1:08:02","2:19:53","3:47:12","6:58:25"
"431","19:31","33:07","1:08:04","2:19:59","3:47:21","6:58:43"
"430","19:32","33:09","1:08:07","2:20:04","3:47:30","6:59:00"
"429","19:33","33:10","1:08:10","2:20:10","3:47:39","6:59:17"
"428","-","33:11","1:08:13","2:20:15","3:47:49","6:59:34"
"427","19:34","33:13","1:08:15","2:20:21","3:47:58","6:59:52"
"426","19:35","33:14","1:08:18","2:20:27","3:48:07","7:00:09"
"425","19:36","33:15","1:08:21","2:20:32","3:48:16","7:00:26"
"424","19:37","33:17","1:08:24","2:20:38","3:48:26","7:00:43"
"423","19:38","33:18","1:08:26","2:20:43","3:48:35","7:01:01"
"422","-","33:19","1:08:29","2:20:49","3:48:44","7:01:18"
"421","19:39","33:21","1:08:32","2:20:55","3:48:53","7:01:36"
"420","19:40","33:22","1:08:35","2:21:00","3:49:03","7:01:53"
"419","19:41","33:23","1:08:37","2:21:06","3:49:12","7:02:10"
"418","19:42","33:25","1:08:40","2:21:12","3:49:21","7:02:28"
"417","19:43","33:26","1:08:43","2:21:17","3:49:31","7:02:45"
"416","-","33:27","1:08:46","2:21:23","3:49:40","7:03:03"
"415","19:44","33:29","1:08:48","2:21:29","3:49:49","7:03:20"
"414","19:45","33:30","1:08:51","2:21:34","3:49:59","7:03:38"
"413","19:46","33:32","1:08:54","2:21:40","3:50:08","7:03:55"
"412","19:47","33:33","1:08:57","2:21:46","3:50:17","7:04:13"
"411","-","33:34","1:09:00","2:21:51","3:50:27","7:04:31"
"410","19:48","33:36","1:09:02","2:21:57","3:50:36","7:04:48"
"409","19:49","33:37","1:09:05","2:22:03","3:50:45","7:05:06"
"408","19:50","33:38","1:09:08","2:22:09","3:50:55","7:05:24"
"407","19:51","33:40","1:09:11","2:22:14","3:51:04","7:05:41"
"406","19:52","33:41","1:09:14","2:22:20","3:51:14","7:05:59"
"405","-","33:42","1:09:16","2:22:26","3:51:23","7:06:17"
"404","19:53","33:44","1:09:19","2:22:31","3:51:33","7:06:35"
"403","19:54","33:45","1:09:22","2:22:37","3:51:42","7:06:52"
"402","19:55","33:47","1:09:25","2:22:43","3:51:52","7:07:10"
"401","19:56","33:48","1:09:28","2:22:49","3:52:01","7:07:28"
"400","19:57","33:49","1:09:30","2:22:55","3:52:11","7:07:46"
"399","19:58","33:51","1:09:33","2:23:00","3:52:20","7:08:04"
"398","-","33:52","1:09:36","2:23:06","3:52:30","7:08:22"
"397","19:59","33:54","1:09:39","2:23:12","3:52:39","7:08:39"
"396","20:00","33:55","1:09:42","2:23:18","3:52:49","7:08:57"
"395","20:01","33:56","1:09:45","2:23:24","3:52:58","7:09:15"
"394","20:02","33:58","1:09:48","2:23:29","3:53:08","7:09:33"
"393","20:03","33:59","1:09:50","2:23:35","3:53:18","7:09:51"
"392","-","34:01","1:09:53","2:23:41","3:53:27","7:10:09"
"391","20:04","34:02","1:09:56","2:23:47","3:53:37","7:10:27"
"390","20:05","34:03","1:09:59","2:23:53","3:53:46","7:10:45"
"389","20:06","34:05","1:10:02","2:23:59","3:53:56","7:11:04"
"388","20:07","34:06","1:10:05","2:24:04","3:54:06","7:11:22"
"387","20:08","34:08","1:10:08","2:24:10","3:54:15","7:11:40"
"386","20:09","34:09","1:10:11","2:24:16","3:54:25","7:11:58"
"385","-","34:10","1:10:13","2:24:22","3:54:35","7:12:16"
"384","20:10","34:12","1:10:16","2:24:28","3:54:44","7:12:34"
"383","20:11","34:13","1:10:19","2:24:34","3:54:54","7:12:53"
"382","20:12","34:15","1:10:22","2:24:40","3:55:04","7:13:11"
"381","20:13","34:16","1:10:25","2:24:46","3:55:14","7:13:29"
"380","20:14","34:18","1:10:28","2:24:52","3:55:23","7:13:48"
"379","20:15","34:19","1:10:31","2:24:58","3:55:33","7:14:06"
"378","-","34:20","1:10:34","2:25:04","3:55:43","7:14:24"
"377","20:16","34:22","1:10:37","2:25:09","3:55:53","7:14:43"
"376","20:17","34:23","1:10:40","2:25:15","3:56:03","7:15:01"
"375","20:18","34:25","1:10:42","2:25:21","3:56:12","7:15:19"
"374","20:19","34:26","1:10:45","2:25:27","3:56:22","7:15:38"
"373","20:20","34:28","1:10:48","2:25:33","3:56:32","7:15:56"
"372","20:21","34:29","1:10:51","2:25:39","3:56:42","7:16:15"
"371","20:22","34:30","1:10:54","2:25:45","3:56:52","7:16:33"
"370","-","34:32","1:10:57","2:25:51","3:57:02","7:16:52"
"369","20:23","34:33","1:11:00","2:25:57","3:57:12","7:17:11"
"368","20:24","34:35","1:11:03","2:26:03","3:57:22","7:17:29"
"367","20:25","34:36","1:11:06","2:26:09","3:57:31","7:17:48"
"366","20:26","34:38","1:11:09","2:26:15","3:57:41","7:18:06"
"365","20:27","34:39","1:11:12","2:26:22","3:57:51","7:18:25"
"364","20:28","34:41","1:11:15","2:26:28","3:58:01","7:18:44"
"363","20:29","34:42","1:11:18","2:26:34","3:58:11","7:19:03"
"362","-","34:43","1:11:21","2:26:40","3:58:21","7:19:21"
"361","20:30","34:45","1:11:24","2:26:46","3:58:31","7:19:40"
"360","20:31","34:46","1:11:27","2:26:52","3:58:41","7:19:59"
"359","20:32","34:48","1:11:30","2:26:58","3:58:51","7:20:18"
"358","20:33","34:49","1:11:33","2:27:04","3:59:01","7:20:37"
"357","20:34","34:51","1:11:36","2:27:10","3:59:12","7:20:55"
"356","20:35","34:52","1:11:39","2:27:16","3:59:22","7:21:14"
"355","20:36","34:54","1:11:42","2:27:22","3:59:32","7:21:33"
"354","20:37","34:55","1:11:45","2:27:29","3:59:42","7:21:52"
"353","20:38","34:57","1:11:48","2:27:35","3:59:52","7:22:11"
"352","-","34:58","1:11:51","2:27:41","4:00:02","7:22:30"
"351","20:39","35:00","1:11:54","2:27:47","4:00:12","7:22:49"
"350","20:40","35:01","1:11:57","2:27:53","4:00:22","7:23:08"
"349","20:41","35:03","1:12:00","2:27:59","4:00:33","7:23:28"
"348","20:42","35:04","1:12:03","2:28:06","4:00:43","7:23:47"
"347","20:43","35:06","1:12:06","2:28:12","4:00:53","7:24:06"
"346","20:44","35:07","1:12:09","2:28:18","4:01:03","7:24:25"
"345","20:45","35:09","1:12:12","2:28:24","4:01:13","7:24:44"
"344","20:46","35:10","1:12:15","2:28:30","4:01:24","7:25:03"
"343","20:47","35:12","1:12:18","2:28:37","4:01:34","7:25:23"
"342","-","35:13","1:12:21","2:28:43","4:01:44","7:25:42"
"341","20:48","35:15","1:12:24","2:28:49","4:01:55","7:26:01"
"340","20:49","35:16","1:12:27","2:28:55","4:02:05","7:26:21"
"339","20:50","35:18","1:12:30","2:29:02","4:02:15","7:26:40"
"338","20:51","35:19","1:12:33","2:29:08","4:02:26","7:27:00"
"337","20:52","35:21","1:12:37","2:29:14","4:02:36","7:27:19"
"336","20:53","35:22","1:12:40","2:29:21","4:02:46","7:27:38"
"335","20:54","35:24","1:12:43","2:29:27","4:02:57","7:27:58"
"334","20:55","35:25","1:12:46","2:29:33","4:03:07","7:28:17"
"333","20:56","35:27","1:12:49","2:29:40","4:03:17","7:28:37"
"332","20:57","35:28","1:12:52","2:29:46","4:03:28","7:28:57"
"331","20:58","35:30","1:12:55","2:29:52","4:03:38","7:29:16"
"330","-","35:31","1:12:58","2:29:59","4:03:49","7:29:36"
"329","20:59","35:33","1:13:01","2:30:05","4:03:59","7:29:56"
"328","21:00","35:34","1:13:05","2:30:11","4:04:10","7:30:15"
"327","21:01","35:36","1:13:08","2:30:18","4:04:20","7:30:35"
"326","21:02","35:37","1:13:11","2:30:24","4:04:31","7:30:55"
"325","21:03","35:39","1:13:14","2:30:31","4:04:41","7:31:15"
"324","21:04","35:40","1:13:17","2:30:37","4:04:52","7:31:34"
"323","21:05","35:42","1:13:20","2:30:43","4:05:03","7:31:54"
"322","21:06","35:44","1:13:23","2:30:50","4:05:13","7:32:14"
"321","21:07","35:45","1:13:27","2:30:56","4:05:24","7:32:34"
"320","21:08","35:47","1:13:30","2:31:03","4:05:34","7:32:54"
"319","21:09","35:48","1:13:33","2:31:09","4:05:45","7:33:14"
"318","21:10","35:50","1:13:36","2:31:16","4:05:56","7:33:34"
"317","21:11","35:51","1:13:39","2:31:22","4:06:06","7:33:54"
"316","21:12","35:53","1:13:42","2:31:29","4:06:17","7:34:14"
"315","21:13","35:54","1:13:46","2:31:35","4:06:28","7:34:34"
"314","-","35:56","1:13:49","2:31:42","4:06:39","7:34:54"
"313","21:14","35:58","1:13:52","2:31:48","4:06:49","7:35:14"
"312","21:15","35:59","1:13:55","2:31:55","4:07:00","7:35:35"
"311","21:16","36:01","1:13:58","2:32:01","4:07:11","7:35:55"
"310","21:17","36:02","1:14:02","2:32:08","4:07:22","7:36:15"
"309","21:18","36:04","1:14:05","2:32:15","4:07:33","7:36:36"
"308","21:19","36:05","1:14:08","2:32:21","4:07:43","7:36:56"
"307","21:20","36:07","1:14:11","2:32:28","4:07:54","7:37:16"
"306","21:21","36:09","1:14:15","2:32:34","4:08:05","7:37:37"
"305","21:22","36:10","1:14:18","2:32:41","4:08:16","7:37:57"
"304","21:23","36:12","1:14:21","2:32:48","4:08:27","7:38:18"
"303","21:24","36:13","1:14:24","2:32:54","4:08:38","7:38:38"
"302","21:25","36:15","1:14:28","2:33:01","4:08:49","7:38:59"
"301","21:26","36:17","1:14:31","2:33:07","4:09:00","7:39:19"
"300","21:27","36:18","1:14:34","2:33:14","4:09:11","7:39:40"
"299","21:28","36:20","1:14:37","2:33:21","4:09:22","7:40:00"
"298","21:29","36:21","1:14:41","2:33:28","4:09:33","7:40:21"
"297","21:30","36:23","1:14:44","2:33:34","4:09:44","7:40:42"
"296","21:31","36:25","1:14:47","2:33:41","4:09:55","7:41:02"
"295","21:32","36:26","1:14:51","2:33:48","4:10:06","7:41:23"
"294","21:33","36:28","1:14:54","2:33:54","4:10:17","7:41:44"
"293","21:34","36:29","1:14:57","2:34:01","4:10:28","7:42:05"
"292","21:35","36:31","1:15:00","2:34:08","4:10:39","7:42:26"
"291","21:36","36:33","1:15:04","2:34:15","4:10:50","7:42:47"
"290","21:37","36:34","1:15:07","2:34:21","4:11:02","7:43:08"
"289","21:38","36:36","1:15:10","2:34:28","4:11:13","7:43:29"
"288","21:39","36:38","1:15:14","2:34:35","4:11:24","7:43:50"
"287","21:40","36:39","1:15:17","2:34:42","4:11:35","7:44:11"
"286","21:41","36:41","1:15:20","2:34:49","4:11:46","7:44:32"
"285","21:42","36:42","1:15:24","2:34:56","4:11:58","7:44:53"
"284","21:43","36:44","1:15:27","2:35:02","4:12:09","7:45:14"
"283","21:44","36:46","1:15:30","2:35:09","4:12:20","7:45:35"
"282","21:45","36:47","1:15:34","2:35:16","4:12:32","7:45:57"
"281","21:46","36:49","1:15:37","2:35:23","4:12:43","7:46:18"
"280","21:47","36:51","1:15:41","2:35:30","4:12:54","7:46:39"
"279","21:48","36:52","1:15:44","2:35:37","4:13:06","7:47:01"
"278","21:49","36:54","1:15:47","2:35:44","4:13:17","7:47:22"
"277","21:50","36:56","1:15:51","2:35:51","4:13:28","7:47:43"
"276","21:51","36:57","1:15:54","2:35:58","4:13:40","7:48:05"
"275","21:52","36:59","1:15:58","2:36:05","4:13:51","7:48:26"
"274","21:53","37:01","1:16:01","2:36:12","4:14:03","7:48:48"
"273","21:54","37:02","1:16:04","2:36:19","4:14:14","7:49:10"
"272","21:55","37:04","1:16:08","2:36:26","4:14:26","7:49:31"
"271","21:56","37:06","1:16:11","2:36:33","4:14:37","7:49:53"
"270","21:57","37:07","1:16:15","2:36:40","4:14:49","7:50:15"
"269","21:58","37:09","1:16:18","2:36:47","4:15:01","7:50:36"
"268","21:59","37:11","1:16:22","2:36:54","4:15:12","7:50:58"
"267","22:00","37:13","1:16:25","2:37:01","4:15:24","7:51:20"
"266","22:01","37:14","1:16:29","2:37:08","4:15:36","7:51:42"
"265","22:02","37:16","1:16:32","2:37:15","4:15:47","7:52:04"
"264","22:03","37:18","1:16:36","2:37:22","4:15:59","7:52:26"
"263","22:04","37:19","1:16:39","2:37:29","4:16:11","7:52:48"
"262","22:05","37:21","1:16:43","2:37:36","4:16:22","7:53:10"
"261","22:06","37:23","1:16:46","2:37:44","4:16:34","7:53:32"
"260","22:07","37:25","1:16:50","2:37:51","4:16:46","7:53:54"
"259","22:08","37:26","1:16:53","2:37:58","4:16:58","7:54:16"
"258","22:09","37:28","1:16:57","2:38:05","4:17:10","7:54:38"
"257","22:10","37:30","1:17:00","2:38:12","4:17:22","7:55:01"
"256","22:11","37:31","1:17:04","2:38:20","4:17:33","7:55:23"
"255","22:13","37:33","1:17:07","2:38:27","4:17:45","7:55:45"
"254","22:14","37:35","1:17:11","2:38:34","4:17:57","7:56:08"
"253","22:15","37:37","1:17:14","2:38:41","4:18:09","7:56:30"
"252","22:16","37:38","1:17:18","2:38:49","4:18:21","7:56:53"
"251","22:17","37:40","1:17:21","2:38:56","4:18:33","7:57:15"
"250","22:18","37:42","1:17:25","2:39:03","4:18:45","7:57:38"
"249","22:19","37:44","1:17:29","2:39:10","4:18:57","7:58:00"
"248","22:20","37:45","1:17:32","2:39:18","4:19:09","7:58:23"
"247","22:21","37:47","1:17:36","2:39:25","4:19:21","7:58:46"
"246","22:22","37:49","1:17:39","2:39:33","4:19:34","7:59:08"
"245","22:23","37:51","1:17:43","2:39:40","4:19:46","7:59:31"
"244","22:24","37:52","1:17:47","2:39:47","4:19:58","7:59:54"
"243","22:25","37:54","1:17:50","2:39:55","4:20:10","8:00:17"
"242","22:26","37:56","1:17:54","2:40:02","4:20:22","8:00:40"
"241","22:27","37:58","1:17:58","2:40:10","4:20:35","8:01:03"
"240","22:29","38:00","1:18:01","2:40:17","4:20:47","8:01:26"
"239","22:30","38:01","1:18:05","2:40:24","4:20:59","8:01:49"
"238","22:31","38:03","1:18:09","2:40:32","4:21:11","8:02:12"
"237","22:32","38:05","1:18:12","2:40:39","4:21:24","8:02:35"
"236","22:33","38:07","1:18:16","2:40:47","4:21:36","8:02:58"
"235","22:34","38:09","1:18:20","2:40:55","4:21:49","8:03:22"
"234","22:35","38:10","1:18:23","2:41:02","4:22:01","8:03:45"
"233","22:36","38:12","1:18:27","2:41:10","4:22:13","8:04:08"
"232","22:37","38:14","1:18:31","2:41:17","4:22:26","8:04:32"
"231","22:38","38:16","1:18:34","2:41:25","4:22:38","8:04:55"
"230","22:40","38:18","1:18:38","2:41:32","4:22:51","8:05:19"
"229","22:41","38:20","1:18:42","2:41:40","4:23:04","8:05:42"
"228","22:42","38:21","1:18:46","2:41:48","4:23:16","8:06:06"
"227","22:43","38:23","1:18:49","2:41:55","4:23:29","8:06:30"
"226","22:44","38:25","1:18:53","2:42:03","4:23:41","8:06:53"
"225","22:45","38:27","1:18:57","2:42:11","4:23:54","8:07:17"
"224","22:46","38:29","1:19:01","2:42:18","4:24:07","8:07:41"
"223","22:47","38:31","1:19:05","2:42:26","4:24:20","8:08:05"
"222","22:49","38:33","1:19:08","2:42:34","4:24:32","8:08:29"
"221","22:50","38:34","1:19:12","2:42:42","4:24:45","8:08:53"
"220","22:51","38:36","1:19:16","2:42:50","4:24:58","8:09:17"
"219","22:52","38:38","1:19:20","2:42:57","4:25:11","8:09:41"
"218","22:53","38:40","1:19:24","2:43:05","4:25:24","8:10:05"
"217","22:54","38:42","1:19:27","2:43:13","4:25:37","8:10:29"
"216","22:55","38:44","1:19:31","2:43:21","4:25:49","8:10:54"
"215","22:56","38:46","1:19:35","2:43:29","4:26:02","8:11:18"
"214","22:58","38:48","1:19:39","2:43:37","4:26:15","8:11:42"
"213","22:59","38:49","1:19:43","2:43:45","4:26:28","8:12:07"
"212","23:00","38:51","1:19:47","2:43:52","4:26:42","8:12:31"
"211","23:01","38:53","1:19:51","2:44:00","4:26:55","8:12:56"
"210","23:02","38:55","1:19:55","2:44:08","4:27:08","8:13:21"
"209","23:03","38:57","1:19:59","2:44:16","4:27:21","8:13:45"
"208","23:05","38:59","1:20:02","2:44:24","4:27:34","8:14:10"
"207","23:06","39:01","1:20:06","2:44:32","4:27:47","8:14:35"
"206","23:07","39:03","1:20:10","2:44:40","4:28:01","8:15:00"
"205","23:08","39:05","1:20:14","2:44:49","4:28:14","8:15:24"
"204","23:09","39:07","1:20:18","2:44:57","4:28:27","8:15:49"
"203","23:10","39:09","1:20:22","2:45:05","4:28:40","8:16:14"
"202","23:12","39:11","1:20:26","2:45:13","4:28:54","8:16:40"
"201","23:13","39:13","1:20:30","2:45:21","4:29:07","8:17:05"
"200","23:14","39:15","1:20:34","2:45:29","4:29:21","8:17:30"
"199","23:15","39:17","1:20:38","2:45:37","4:29:34","8:17:55"
"198","23:16","39:18","1:20:42","2:45:46","4:29:48","8:18:21"
"197","23:18","39:20","1:20:46","2:45:54","4:30:01","8:18:46"
"196","23:19","39:22","1:20:50","2:46:02","4:30:15","8:19:12"
"195","23:20","39:24","1:20:54","2:46:10","4:30:28","8:19:37"
"194","23:21","39:26","1:20:58","2:46:19","4:30:42","8:20:03"
"193","23:22","39:28","1:21:02","2:46:27","4:30:56","8:20:28"
"192","23:24","39:30","1:21:07","2:46:35","4:31:09","8:20:54"
"191","23:25","39:32","1:21:11","2:46:44","4:31:23","8:21:20"
"190","23:26","39:34","1:21:15","2:46:52","4:31:37","8:21:46"
"189","23:27","39:36","1:21:19","2:47:00","4:31:51","8:22:12"
"188","23:29","39:38","1:21:23","2:47:09","4:32:05","8:22:38"
"187","23:30","39:40","1:21:27","2:47:17","4:32:19","8:23:04"
"186","23:31","39:43","1:21:31","2:47:26","4:32:33","8:23:30"
"185","23:32","39:45","1:21:35","2:47:34","4:32:47","8:23:56"
"184","23:33","39:47","1:21:40","2:47:43","4:33:01","8:24:22"
"183","23:35","39:49","1:21:44","2:47:51","4:33:15","8:24:49"
"182","23:36","39:51","1:21:48","2:48:00","4:33:29","8:25:15"
"181","23:37","39:53","1:21:52","2:48:08","4:33:43","8:25:42"
"180","23:38","39:55","1:21:56","2:48:17","4:33:57","8:26:08"
"179","23:40","39:57","1:22:01","2:48:26","4:34:11","8:26:35"
"178","23:41","39:59","1:22:05","2:48:34","4:34:25","8:27:02"
"177","23:42","40:01","1:22:09","2:48:43","4:34:40","8:27:29"
"176","23:44","40:03","1:22:13","2:48:52","4:34:54","8:27:55"
"175","23:45","40:05","1:22:18","2:49:00","4:35:08","8:28:22"
"174","23:46","40:07","1:22:22","2:49:09","4:35:23","8:28:49"
"173","23:47","40:09","1:22:26","2:49:18","4:35:37","8:29:17"
"172","23:49","40:12","1:22:31","2:49:27","4:35:52","8:29:44"
"171","23:50","40:14","1:22:35","2:49:36","4:36:06","8:30:11"
"170","23:51","40:16","1:22:39","2:49:44","4:36:21","8:30:38"
"169","23:53","40:18","1:22:44","2:49:53","4:36:35","8:31:06"
"168","23:54","40:20","1:22:48","2:50:02","4:36:50","8:31:33"
"167","23:55","40:22","1:22:52","2:50:11","4:37:05","8:32:01"
"166","23:56","40:24","1:22:57","2:50:20","4:37:20","8:32:29"
"165","23:58","40:27","1:23:01","2:50:29","4:37:34","8:32:56"
"164","23:59","40:29","1:23:06","2:50:38","4:37:49","8:33:24"
"163","24:00","40:31","1:23:10","2:50:47","4:38:04","8:33:52"
"162","24:02","40:33","1:23:14","2:50:56","4:38:19","8:34:20"
"161","24:03","40:35","1:23:19","2:51:05","4:38:34","8:34:48"
"160","24:04","40:37","1:23:23","2:51:14","4:38:49","8:35:16"
"159","24:06","40:40","1:23:28","2:51:24","4:39:04","8:35:45"
"158","24:07","40:42","1:23:32","2:51:33","4:39:19","8:36:13"
"157","24:08","40:44","1:23:37","2:51:42","4:39:34","8:36:42"
"156","24:10","40:46","1:23:41","2:51:51","4:39:50","8:37:10"
"155","24:11","40:48","1:23:46","2:52:00","4:40:05","8:37:39"
"154","24:12","40:51","1:23:50","2:52:10","4:40:20","8:38:07"
"153","24:14","40:53","1:23:55","2:52:19","4:40:36","8:38:36"
"152","24:15","40:55","1:24:00","2:52:28","4:40:51","8:39:05"
"151","24:16","40:57","1:24:04","2:52:38","4:41:06","8:39:34"
"150","24:18","41:00","1:24:09","2:52:47","4:41:22","8:40:03"
"149","24:19","41:02","1:24:13","2:52:57","4:41:38","8:40:33"
"148","24:21","41:04","1:24:18","2:53:06","4:41:53","8:41:02"
"147","24:22","41:07","1:24:23","2:53:16","4:42:09","8:41:31"
"146","24:23","41:09","1:24:27","2:53:25","4:42:25","8:42:01"
"145","24:25","41:11","1:24:32","2:53:35","4:42:40","8:42:30"
"144","24:26","41:13","1:24:37","2:53:45","4:42:56","8:43:00"
"143","24:28","41:16","1:24:42","2:53:54","4:43:12","8:43:30"
"142","24:29","41:18","1:24:46","2:54:04","4:43:28","8:44:00"
"141","24:30","41:20","1:24:51","2:54:14","4:43:44","8:44:30"
"140","24:32","41:23","1:24:56","2:54:23","4:44:00","8:45:00"
"139","24:33","41:25","1:25:01","2:54:33","4:44:16","8:45:30"
"138","24:35","41:27","1:25:06","2:54:43","4:44:32","8:46:01"
"137","24:36","41:30","1:25:10","2:54:53","4:44:49","8:46:31"
"136","24:38","41:32","1:25:15","2:55:03","4:45:05","8:47:02"
"135","24:39","41:35","1:25:20","2:55:13","4:45:21","8:47:32"
"134","24:41","41:37","1:25:25","2:55:23","4:45:38","8:48:03"
"133","24:42","41:39","1:25:30","2:55:33","4:45:54","8:48:34"
"132","24:43","41:42","1:25:35","2:55:43","4:46:11","8:49:05"
"131","24:45","41:44","1:25:40","2:55:53","4:46:27","8:49:36"
"130","24:46","41:47","1:25:45","2:56:03","4:46:44","8:50:07"
"129","24:48","41:49","1:25:50","2:56:13","4:47:01","8:50:39"
"128","24:49","41:52","1:25:55","2:56:23","4:47:17","8:51:10"
"127","24:51","41:54","1:26:00","2:56:33","4:47:34","8:51:42"
"126","24:52","41:56","1:26:05","2:56:44","4:47:51","8:52:14"
"125","24:54","41:59","1:26:10","2:56:54","4:48:08","8:52:46"
"124","24:55","42:01","1:26:15","2:57:04","4:48:25","8:53:18"
"123","24:57","42:04","1:26:20","2:57:15","4:48:42","8:53:50"
"122","24:58","42:06","1:26:25","2:57:25","4:49:00","8:54:22"
"121","25:00","42:09","1:26:30","2:57:36","4:49:17","8:54:54"
"120","25:01","42:11","1:26:35","2:57:46","4:49:34","8:55:27"
"119","25:03","42:14","1:26:41","2:57:57","4:49:52","8:56:00"
"118","25:05","42:17","1:26:46","2:58:07","4:50:09","8:56:32"
"117","25:06","42:19","1:26:51","2:58:18","4:50:27","8:57:05"
"116","25:08","42:22","1:26:56","2:58:29","4:50:44","8:57:38"
"115","25:09","42:24","1:27:01","2:58:40","4:51:02","8:58:12"
"114","25:11","42:27","1:27:07","2:58:50","4:51:20","8:58:45"
"113","25:12","42:29","1:27:12","2:59:01","4:51:38","8:59:19"
"112","25:14","42:32","1:27:17","2:59:12","4:51:56","8:59:52"
"111","25:16","42:35","1:27:23","2:59:23","4:52:14","9:00:26"
"110","25:17","42:37","1:27:28","2:59:34","4:52:32","9:01:00"
"109","25:19","42:40","1:27:34","2:59:45","4:52:50","9:01:34"
"108","25:20","42:43","1:27:39","2:59:56","4:53:08","9:02:08"
"107","25:22","42:45","1:27:45","3:00:07","4:53:27","9:02:43"
"106","25:24","42:48","1:27:50","3:00:19","4:53:45","9:03:17"
"105","25:25","42:51","1:27:56","3:00:30","4:54:04","9:03:52"
"104","25:27","42:53","1:28:01","3:00:41","4:54:22","9:04:27"
"103","25:29","42:56","1:28:07","3:00:53","4:54:41","9:05:02"
"102","25:30","42:59","1:28:12","3:01:04","4:55:00","9:05:38"
"101","25:32","43:02","1:28:18","3:01:15","4:55:19","9:06:13"
"100","25:34","43:04","1:28:23","3:01:27","4:55:38","9:06:49"
"99","25:35","43:07","1:28:29","3:01:39","4:55:57","9:07:24"
"98","25:37","43:10","1:28:35","3:01:50","4:56:16","9:08:00"
"97","25:39","43:13","1:28:41","3:02:02","4:56:35","9:08:37"
"96","25:40","43:16","1:28:46","3:02:14","4:56:54","9:09:13"
"95","25:42","43:19","1:28:52","3:02:26","4:57:14","9:09:50"
"94","25:44","43:21","1:28:58","3:02:37","4:57:34","9:10:26"
"93","25:46","43:24","1:29:04","3:02:49","4:57:53","9:11:03"
"92","25:47","43:27","1:29:10","3:03:01","4:58:13","9:11:40"
"91","25:49","43:30","1:29:16","3:03:14","4:58:33","9:12:18"
"90","25:51","43:33","1:29:22","3:03:26","4:58:53","9:12:55"
"89","25:53","43:36","1:29:28","3:03:38","4:59:13","9:13:33"
"88","25:54","43:39","1:29:34","3:03:50","4:59:33","9:14:11"
"87","25:56","43:42","1:29:40","3:04:03","4:59:54","9:14:49"
"86","25:58","43:45","1:29:46","3:04:15","5:00:14","9:15:27"
"85","26:00","43:48","1:29:52","3:04:27","5:00:35","9:16:06"
"84","26:02","43:51","1:29:58","3:04:40","5:00:55","9:16:45"
"83","26:04","43:54","1:30:04","3:04:53","5:01:16","9:17:24"
"82","26:05","43:57","1:30:11","3:05:05","5:01:37","9:18:03"
"81","26:07","44:00","1:30:17","3:05:18","5:01:58","9:18:43"
"80","26:09","44:03","1:30:23","3:05:31","5:02:19","9:19:23"
"79","26:11","44:06","1:30:29","3:05:44","5:02:41","9:20:03"
"78","26:13","44:09","1:30:36","3:05:57","5:03:02","9:20:43"
"77","26:15","44:12","1:30:42","3:06:10","5:03:24","9:21:24"
"76","26:17","44:16","1:30:49","3:06:24","5:03:46","9:22:05"
"75","26:19","44:19","1:30:55","3:06:37","5:04:08","9:22:46"
"74","26:21","44:22","1:31:02","3:06:50","5:04:30","9:23:27"
"73","26:23","44:25","1:31:08","3:07:04","5:04:52","9:24:09"
"72","26:25","44:29","1:31:15","3:07:17","5:05:14","9:24:51"
"71","26:27","44:32","1:31:22","3:07:31","5:05:37","9:25:33"
"70","26:29","44:35","1:31:29","3:07:45","5:05:59","9:26:15"
"69","26:31","44:38","1:31:35","3:07:59","5:06:22","9:26:58"
"68","26:33","44:42","1:31:42","3:08:13","5:06:45","9:27:41"
"67","26:35","44:45","1:31:49","3:08:27","5:07:08","9:28:25"
"66","26:37","44:49","1:31:56","3:08:41","5:07:32","9:29:09"
"65","26:39","44:52","1:32:03","3:08:55","5:07:55","9:29:53"
"64","26:41","44:55","1:32:10","3:09:10","5:08:19","9:30:37"
"63","26:43","44:59","1:32:17","3:09:24","5:08:43","9:31:22"
"62","26:45","45:02","1:32:24","3:09:39","5:09:07","9:32:07"
"61","26:47","45:06","1:32:32","3:09:53","5:09:31","9:32:53"
"60","26:50","45:10","1:32:39","3:10:08","5:09:56","9:33:39"
"59","26:52","45:13","1:32:46","3:10:23","5:10:20","9:34:25"
"58","26:54","45:17","1:32:54","3:10:38","5:10:45","9:35:12"
"57","26:56","45:20","1:33:01","3:10:54","5:11:10","9:35:59"
"56","26:58","45:24","1:33:09","3:11:09","5:11:36","9:36:46"
"55","27:01","45:28","1:33:16","3:11:25","5:12:01","9:37:34"
"54","27:03","45:32","1:33:24","3:11:40","5:12:27","9:38:23"
"53","27:05","45:35","1:33:32","3:11:56","5:12:53","9:39:11"
"52","27:08","45:39","1:33:39","3:12:12","5:13:19","9:40:01"
"51","27:10","45:43","1:33:47","3:12:28","5:13:46","9:40:50"
"50","27:12","45:47","1:33:55","3:12:44","5:14:13","9:41:41"
"49","27:15","45:51","1:34:03","3:13:01","5:14:40","9:42:32"
"48","27:17","45:55","1:34:12","3:13:17","5:15:07","9:43:23"
"47","27:20","45:59","1:34:20","3:13:34","5:15:35","9:44:15"
"46","27:22","46:03","1:34:28","3:13:51","5:16:03","9:45:07"
"45","27:24","46:07","1:34:36","3:14:08","5:16:31","9:46:00"
"44","27:27","46:11","1:34:45","3:14:26","5:16:59","9:46:53"
"43","27:30","46:16","1:34:54","3:14:43","5:17:28","9:47:48"
"42","27:32","46:20","1:35:02","3:15:01","5:17:57","9:48:42"
"41","27:35","46:24","1:35:11","3:15:19","5:18:27","9:49:38"
"40","27:37","46:28","1:35:20","3:15:37","5:18:57","9:50:34"
"39","27:40","46:33","1:35:29","3:15:55","5:19:27","9:51:31"
"38","27:43","46:37","1:35:38","3:16:14","5:19:58","9:52:28"
"37","27:46","46:42","1:35:47","3:16:33","5:20:29","9:53:27"
"36","27:48","46:46","1:35:57","3:16:52","5:21:00","9:54:26"
"35","27:51","46:51","1:36:06","3:17:11","5:21:32","9:55:26"
"34","27:54","46:56","1:36:16","3:17:31","5:22:05","9:56:27"
"33","27:57","47:01","1:36:26","3:17:51","5:22:38","9:57:28"
"32","28:00","47:06","1:36:36","3:18:11","5:23:11","9:58:31"
"31","28:03","47:10","1:36:46","3:18:32","5:23:45","9:59:35"
"30","28:06","47:15","1:36:56","3:18:53","5:24:19","10:00:39"
"29","28:09","47:21","1:37:06","3:19:14","5:24:54","10:01:45"
"28","28:12","47:26","1:37:17","3:19:36","5:25:30","10:02:52"
"27","28:15","47:31","1:37:28","3:19:58","5:26:06","10:04:00"
"26","28:19","47:36","1:37:39","3:20:20","5:26:43","10:05:09"
"25","28:22","47:42","1:37:50","3:20:43","5:27:21","10:06:20"
"24","28:25","47:48","1:38:01","3:21:07","5:27:59","10:07:32"
"23","28:29","47:53","1:38:13","3:21:30","5:28:39","10:08:46"
"22","28:32","47:59","1:38:25","3:21:55","5:29:19","10:10:01"
"21","28:36","48:05","1:38:37","3:22:20","5:30:00","10:11:18"
"20","28:40","48:11","1:38:50","3:22:45","5:30:42","10:12:37"
"19","28:44","48:18","1:39:03","3:23:12","5:31:25","10:13:58"
"18","28:48","48:24","1:39:16","3:23:38","5:32:09","10:15:21"
"17","28:52","48:31","1:39:29","3:24:06","5:32:55","10:16:46"
"16","28:56","48:37","1:39:43","3:24:35","5:33:42","10:18:14"
"15","29:00","48:45","1:39:58","3:25:04","5:34:30","10:19:45"
"14","29:04","48:52","1:40:13","3:25:34","5:35:20","10:21:19"
"13","29:09","48:59","1:40:28","3:26:06","5:36:12","10:22:56"
"12","29:14","49:07","1:40:44","3:26:38","5:37:06","10:24:37"
"11","29:19","49:15","1:41:01","3:27:13","5:38:02","10:26:22"
"10","29:24","49:24","1:41:18","3:27:48","5:39:01","10:28:13"
"9","29:29","49:33","1:41:37","3:28:26","5:40:02","10:30:09"
"8","29:35","49:43","1:41:56","3:29:05","5:41:08","10:32:11"
"7","29:41","49:53","1:42:17","3:29:48","5:42:17","10:34:22"
"6","29:48","50:04","1:42:39","3:30:33","5:43:32","10:36:42"
"5","29:55","50:15","1:43:03","3:31:22","5:44:53","10:39:14"
"4","30:03","50:28","1:43:30","3:32:17","5:46:23","10:42:03"
"3","30:12","50:43","1:44:00","3:33:19","5:48:05","10:45:14"
"2","30:23","51:01","1:44:36","3:34:32","5:50:06","10:49:01"
"1","30:37","51:24","1:45:23","3:36:08","5:52:44","10:53:57"
